category,name
Ferretería,Grapa cuadrada p/cable 5x9mmbolsa c/100 pz
Ferretería,Grapa curva p/cable 6mm blanca bolsa c/100 pz
Ferretería,Grapa curva p/cable 8mmblanca bolsa c/100 pz
Ferretería,Grapa Cable Coaxial  8 mm Blanco 20 Pz
Ferretería,"Tornillo Punta Broca # 8 x 1/2"""" Galv. x 100 Pz"
Ferretería,"Tornillo Cabeza Plana Phillips 8 x 3/4"""" Ne (B-100)"
Ferretería,"Tornillo Cabeza Plana Phillips 8 x 1"""" Ne (B-100)"
Ferretería,"Tornillo Cabeza Plana Phillips 8 x 1"""" 1/4"""" Ne (B-100)"
Ferretería,"Tornillo Cabeza Plana Phillips 8 x 1"""" 1/2"""" Ne (B-100)"
Ferretería,"Tornillo Cabeza Plana Phillips 8 x 2"""" Ne (B-100)"
Ferretería,"Tornillo Cabeza Plana Phillips 8 x 2"""" 1/2"""" Ne (B-100)"
Ferretería,"Tornillo Cabeza Plana Phillips 8 x 3"""" Ne (B-100)"
Ferretería,"Clavo Pulido c/Cabeza 2-1/2"""" - 25 kg"
Ferretería,"Clavo Pulido c/Cabeza 1-1/2"""" x 25 kg"
Ferretería,"Clavo Pulido c/Cabeza 2"""" x 25 kg"
Ferretería,"Clavo Pulido c/Cabeza 2-1/2"""" x 25 kg"
Ferretería,"Clavo Pulido c/Cabeza 3"""" x 25 kg"
Ferretería,"Clavo Pulido c/Cabeza 4"""" x 25 kg"
Ferretería,"Clavo Pulido c/Cabeza 1-1/2"""" x 25 kg"
Ferretería,"Clavo Pulido c/Cabeza 2"""" x 25 kg"
Ferretería,"Clavo Pulido c/Cabeza 2-1/2"""" x 25 kg"
Ferretería,"Clavo Pulido c/Cabeza 3"""" x 25 kg"
Ferretería,"Clavo Pulido c/Cabeza 4"""" x 25 kg"
Ferretería,Candado 102 Gancho Largo
Ferretería,Candado 102 Gancho Largo
Ferretería,Candado Hierro 102 Caja
Ferretería,Candado Hierro 102 Caja
Ferretería,Candado Hierro 103 GL Caja
Ferretería,Candado Hierro 103 GL Caja
Ferretería,Candado Metálico 113 GL Caja
Ferretería,Candado Metálico 113 GL Caja
Ferretería,Candado Hierro 103 Caja
Ferretería,Candado Hierro 103 Caja
Ferretería,Candado Hierro 104 GL Caja
Ferretería,Candado Hierro 104 GL Caja
Ferretería,Candado Hierro 104 Caja
Ferretería,Candado Hierro 104 Caja
Ferretería,Candado Cortina 110 Hierro
Ferretería,Candado Cortina 110 Hierro
Ferretería,Candado hierro 30mm caja color
Ferretería,"Candado de cable espiral 3/8""""x 150 de combinación"
Ferretería,Portacandados de acero zincado1 3/4
Ferretería,Portacandados de acero zincado3 1/4
Ferretería,Candado Latonado 30 mm Gancho Corto
Ferretería,Candado Latonado 40 mm Gancho Corto
Ferretería,Candado Latonado 50 mm Gancho Corto
Ferretería,Candado Latonado 30 mm Gl
Ferretería,Candado Latonado 40 mm Gl
Ferretería,Candado Metálico De 30 mm Gancho Corto
Ferretería,Candado Metálico de 40 mm Gancho Corto
Ferretería,Candado Metálico de 30 mm Gl
Ferretería,Cerradura de Pomo Esfera Cilíndrico Cromo Mate
Ferretería,Embutir X - 1000 C Caja
Ferretería,Sobreponer Barra X - 900 F D Ac
Ferretería,Sobreponer Barra 800 F D Ac
Ferretería,Sobreponer Barra 800 L I Ac
Ferretería,Sobreponer As - 2000 If An E Caja
Ferretería,Aluminio 550 Abl Caja
Ferretería,Aluminio 550 An Caja
Ferretería,Sobreponer 715 D / If Abg Caja
Ferretería,Sobreponer 715 D / If Abg Caja
Ferretería,Sobreponer 715 I / If Abg Caja
Ferretería,Sobreponer 715 I / If Abg Caja
Ferretería,Sobreponer 715 D / Cl Abg Caja
Ferretería,Sobreponer 715 D / Cl Abg Caja
Ferretería,Sobreponer 715 I / Cl Abg Caja
Ferretería,Sobreponer 715 I / Cl Abg Caja
Ferretería,Cerradura de pomo esfera meccilíndrico latón antig p/rec
Ferretería,Guardapolvo p/puerta aluminio
Ferretería,Tope para puerta tipo codo latón
Ferretería,Cinta de montaje 1.5 mts x 19 mm blanca
Ferretería,Cinta p/Aislar Negra 9 m
Ferretería,Cinta p/Aislar Negra 18 m
Ferretería,Cinta empaque acrílico canela 40 m
Ferretería,179 Cinta Trasparente Industrial 48 mm x 50 m
Ferretería,Cinta Adhesiva Transparente 40 m
Ferretería,Cinta De Aislar Negra 19 mm x 18 m
Ferretería,Cinta De Aislar Negra 19 mm x 18 m
Ferretería,Cinta De Aislar Negra 19 mm x 18 m
Ferretería,Cinta De Aislar Negra 19 mm x 9 m
Ferretería,Cinta de aislar verde 19mmx18m
Ferretería,Cinta de aislar negra 19 mm x 9m
Ferretería,Cinta de aislar negra 19 mm x 18m
Ferretería,Cinta Aislante de PVC Negra 19 mm x 18 m
Ferretería,Cinta Aislante de PVC Negra 19 mm x 9 m
Ferretería,Cinta para Aislar Negra 18 m
Ferretería,Cinta para Aislar Negra 9 m
Ferretería,320 Cinta de Aislar Negra 19 mm x 18 m
Ferretería,Masking tape azul de 18mm
Ferretería,"Cinta Masking Tape 3/4"""" x 50 m"
Ferretería,Cinta Empaque Acrilíco Transparente 40 M
Ferretería,Cinta de Señalización Precaución 305 m
Ferretería,Cinta de amarre c/alma de acero 30 m c/cortador
Ferretería,"Cinta Sella Roscas Teflón 1/2"""" de 7 m"
Ferretería,"Cinta Sella Roscas Teflón 3/4"""" de 7 m"
Ferretería,Cinta de Teflón 13 x 260 Blanco
Ferretería,Cinta de Teflón 19 x 260 Blanco
Ferretería,"Cinta Sella Roscas 3/4"""" x 7 m Foy"
Ferretería,"Cinta Sella Roscas 1/2"""" x 7 m"
Ferretería,"Cinta 1/2"""" x 7 m Sella Roscas"
Ferretería,"Cinta 3/4"""" x 7 m Sella Roscas"
Ferretería,Cinta Doble Cara Gris 12 mm
Ferretería,Cinta Doble Cara Transparente 12 mm
Ferretería,Cinta doble cara gris 25mm
Ferretería,Cinta doble cara transp 25mm
Ferretería,Cinchos Plásticos 2.5 x 100 mm Neón Varios Colores 100 Pz
Ferretería,Abrazadera #10 de 3/4 a 1 1/16ancho 1/2 bolsa x10pz
Ferretería,Abrazadera #12 de 5/8 a 1 1/4ancho 1/2 bolsa x10pz
Ferretería,Abrazadera #16 de 3/4 a 1 1/2ancho 1/2 bolsa x10pz
Ferretería,Abrazadera #20 de 3/4 a 1 3/4ancho 1/2 bolsa x10pz
Ferretería,Abrazadera #4 de 3/8 a 5/8ancho 1/2 bolsa x10pz
Ferretería,Hilo P/Construcción 165 m
Ferretería,Hilo P/Construcción 65 m
Ferretería,"Perro Hierro Maleable 1/8"""""
Ferretería,Lona premium roja 4 x 5 m
Ferretería,Lona reforzada uso ligero4 x 5m gris
Ferretería,Tensores ajustables 24''amarillo juego 2pz
Ferretería,Tensores ajustables 48''rojo juego 2pz
Ferretería,Cinchos plásticos 2.5 x 100 mmcolor negro 100 pz
Ferretería,Cinchos plásticos 2.5 x 100 mmcolor natural 100 pz
Ferretería,Cinchos plásticos 3.6 x 150 mmcolor natural 100 pz
Ferretería,Cinchos plásticos 4.8 x 200 mmcolor natural 50 pz
Ferretería,Cinchos plásticos 4.8 x 300 mmcolor natural 50 pz
Ferretería,Cinchos plásticos 4.8 x 350 mmcolor negro 50 pz
Ferretería,Cinchos plásticos 4.8 x 350 mmcolor natural 50 pz
Ferretería,Cinchos plásticos 4.8 x 450 mmcolor negro 50 pz
Ferretería,Cinchos plásticos 4.8 x 450 mmcolor natural 50 pz
Ferretería,Cinchos plásticos 4.8 x 500 mmcolor negro 50 pz
Ferretería,Bisagra Bidimensional 110° Cob Comp C/T (2Pz)
Ferretería,"Bisagra Larga Plana Latón Brillante 1.5"""""
Ferretería,"Bisagra Larga Plana Latón Brillante 2.5"""""
Ferretería,"Bisagra Larga Plana Latón Brillante 3"""""
Ferretería,"Bisagra Larga Plana Niquel Sat 1.5"""""
Ferretería,"Bisagra Larga Plana Niquel Sat 1"""""
Ferretería,Broche Perico Galvanizado C/T
Ferretería,Broche Perico Laton Brillante C/T
Ferretería,Broche Perico Cobre Antiguo C/T
Ferretería,Broche Magnetico P/Puerta C/Placa Cafe C/T
Ferretería,Broche Magnetico P/Puerta C/Placa Ai C/T
Ferretería,Brida P/Tubo Ovalado Niq. C/T
Ferretería,Soporte Central P/Tubo Ovalado Niq. C/T
Ferretería,Ménsula de Acero 6 x 8' Blanco
Ferretería,Garrucha para noria 2
Ferretería,Aflojatodo HW 40 110 ml
Ferretería,Aceite Multiusos Aerosol 3 oz
Ferretería,Aceite Multiusos Aerosol 5.5 oz
Ferretería,Aceite Multiusos Aerosol 5.5 oz
Ferretería,Aceite Multiusos Aerosol 8 oz
Ferretería,Aceite Multiusos Aerosol 8 oz
Ferretería,Aceite Multiusos Aerosol 11 oz
Ferretería,Aceite multiusos 100ml
Pinturas,Barniz Transparente 500 ml
Pinturas,Barniz Transparente 250 ml
Pinturas,Barniz Transparente 1 L
Pinturas,Esmalte Tecnobril Blanco 250 ml
Pinturas,Esmalte Tecnobril Blanco 500 ml
Pinturas,Esmalte 300 Negro 250  ml
Pinturas,Aerosol Iusa Blanco Brillante
Pinturas,Pintura Aerosol Gris Primario 400 ml
Pinturas,Pintura Aerosol Azul Acuario 400 ml
Pinturas,Pintura Aerosol Naranja 400 ml
Pinturas,Pintura Aerosol Negro Metálico 400 ml
Pinturas,Pintura Aerosol Amarillo Limón 400 ml
Pinturas,Pintura Aerosol Verde Bosque 400 ml
Pinturas,Pintura Aerosol Azul Rey 400 ml
Pinturas,Pintura Aerosol Verde Ecológico 400 ml
Pinturas,Pintura Aerosol Violeta 400 ml
Pinturas,Pintura Aerosol Amarillo Cromo 400 ml
Pinturas,Pintura Aerosol Azul Cielo 400 ml
Pinturas,Pintura Aerosol Ultra Rojo 400 ml
Pinturas,Pintura Aerosol Rosa Mexicano 400 ml
Pinturas,Pintura Aerosol Naranja Fluorescente 400 ml
Pinturas,Pintura Aerosol Cobre Metálico 400 ml
Pinturas,Pintura Aerosol Verde Metálico 400 ml
Pinturas,Pintura Aerosol Crema 400 ml
Pinturas,Pintura Aerosol Rosa Fluorescente 400 ml
Pinturas,Pintura Aerosol Verde Fluorescente 400 ml
Pinturas,Pintura Aerosol Amarillo Fluorescente 400  ml
Pinturas,Aerosol Negro Mate 400 ml
Pinturas,Aerosol Negro Satinado 400 ml
Pinturas,Aerosol Naranja 400 ml
Pinturas,Aerosol Azul Metálico 400 ml
Pinturas,Aerosol Oro 400 ml
Pinturas,Aerosol Negro Metálico 400 ml
Pinturas,Aerosol Súper Negro Brillante 400 ml
Pinturas,Aerosol Súper Blanco Brillante 400 ml
Pinturas,Spray Blanco Mate x 400 ml
Pinturas,Spray Blanco x 400 ml
Pinturas,Spray Negro x 400 ml
Pinturas,Spray Rojo Cardenal x 400 ml
Pinturas,Spray Negro Satinado x 400 ml
Pinturas,Spray Café Chocolate x 400 ml
Pinturas,Spray Aluminio x 400 ml
Pinturas,Spray Transparente x 400 ml
Pinturas,Spray Cromo x 400 ml
Pinturas,Spray Primario Gris x 400 ml
Pinturas,Spray Negro Mate x 400 ml
Pinturas,Pintura Aerosol Blanco Brillante Pabla x 400 mL
Pinturas,Pintura Aerosol Negro Mate 400 ml
Pinturas,Pintura Aerosol Aluminio 400 ml
Pinturas,Pintura Aerosol Transparente 400 ml
Pinturas,Pintura Aerosol Negro Satinado 400 ml
Pinturas,Pintura Aerosol Bermellon Rojo 400 ml
Pinturas,Pintura Aerosol Tipo Cromo 400 ml
Pinturas,Pintura Aerosol Blanco Mate 400 ml
Pinturas,Pintura Aerosol Cafe 400 ml
Pinturas,Pintura Aerosol Oro Rico 400 ml
Pinturas,Pintura Aerosol Gris Acero 400 ml
Pinturas,Pintura Aerosol Oro Palido 400 ml
Pinturas,Pintura Aerosol Azul Metalico 400 ml
Herramientas,Brocha 1 Mango Plástico
Herramientas,Brocha 1 1/2 Mango Plástico
Herramientas,Brocha 2 Mango Plástico
Herramientas,Brocha 2 1/2 Mango Plátisco
Herramientas,Brocha 4  Mango Plástico
Herramientas,Brocha 5  Mango Plástico
Herramientas,Brocha Profesional 2 Mango Plástico
Herramientas,Brocha Profesional 3 Mango Plástico
Herramientas,Brocha Profesional 4 Mango Plástico
Herramientas,Brocha 1/2 mango plástico
Herramientas,Brocha 3 mango plástico
Herramientas,"Brocha 1/2"""" profesional"
Herramientas,"Brocha 1"""" profesional"
Herramientas,"Brocha 1 1/2"""" profesional"
Herramientas,"Brocha de 1/2"""""
Herramientas,"Brocha de 1"""""
Herramientas,"Brocha de 1 1/2"""""
Herramientas,"Brocha de 2"""""
Herramientas,"Brocha de 2 1/2"""""
Herramientas,"Brocha de 3"""""
Herramientas,"Brocha de 4"""""
Herramientas,"Brocha de 5"""""
Herramientas,"Brocha de 6"""""
Herramientas,Brochas chicas 3pack
Herramientas,Brochas mediana 2pack
Herramientas,"Brocha Mango Plastico 2"""""
Herramientas,"Brocha Mango Plastico 3"""""
Herramientas,"Brocha mango plástico 1-1/2"""""
Herramientas,"Brocha mango plástico 1/2"""""
Herramientas,"Brocha mango plástico 2-1/2"""""
Herramientas,"Repuesto para rodillo 9"""" x 1 1/4"""""
Herramientas,"Maneral de 9"""" con jaula"
Herramientas,"Mini rodillo de NYLON 4"""""
Herramientas,"Mini rodillo de poliester 4"""""
Herramientas,"Mini rodillo de esponja 4"""""
Herramientas,"Repuesto mini felpa de polister 4"""" (1 pza)"
Herramientas,"Repuesto mini felpa de esponja 4"""" (10 pzs)"
Herramientas,"Rodillo Profesional De 9 x 1"""""
Herramientas,"Rodillo Profesional De 9 x 3/4"""""
Herramientas,"Felpa De Repuesto 9 x 1""""  P/Rodillo"
Herramientas,"Felpa de repuesto 4"""" x 3/8""""p/mini rodillo"
Herramientas,Llana Canto Dentado Cuadrado
Herramientas,Llana Canto Dentado Cuadrado 6 Remaches
Herramientas,Llana Canto Recto 6 Remaches
Herramientas,Cuchara  Para Albañil 8 Filadelfia
Herramientas,Cuñas juego de 4 pzs (508010y 120 mm)
Herramientas,"Espátula de plástico paq 3 pzs(1 1/2""""- 3"""" y 6"""")"
Herramientas,Espátula flexible 2 mangomadera
Herramientas,Espátula flexible 4 mangoplástico
Herramientas,Espátula rígida 3 mango madera
Herramientas,"Espátula tapizadora 10"""""
Herramientas,"Espátula tapizadora 8"""""
Herramientas,"Espatula flexible con mango de madera de 6"""""
Herramientas,"Cuchara de albañil 6"""" tipo F"
Herramientas,"Cuña P/Raspar C/Mgo 4.5 x 2-3/4"""""
Herramientas,Cuña para raspar sin mango 4 x 2-5/8” Foy
Herramientas,"Cuña para raspar sin mango 4"""" x 5"""" Foy"
Herramientas,"Espatula doble cuchara 30"""""
Herramientas,Cepillo curvo de alambre ondulado con mango 10 acero latona
Herramientas,Cepillo de alambre con mango 4 x 16 pinceles acero al carbon
Herramientas,Cepillo de alambre sin mango 6 x 19 pinceles acero al carbon
Herramientas,Cepillo Alambre 4 x 16 C/Mgo
Herramientas,Pistola De Gravedad Pintar
Herramientas,Colador de Aluminio para Pintura
Herramientas,Repuesto para Colador de Aluminio
Herramientas,Pistola de Gravedad 3 Reguladores
Herramientas,Pistola de Gravedad Vaso de Aluminio Gir
Herramientas,Pistola de Gravedad Ecológica
Herramientas,Pistola Grav. Diy C/Vaso 600ml Boq 1.5mm
Herramientas,Pistola de Grav Hibrida P/Altos Solidos
Herramientas,Charola Clásica 9 x 14 Para Rodillo
Herramientas,"Charola económica para Rodillo de 9"""""
Herramientas,Extensión metálica 1.2 m pararodillo
Herramientas,Extensión metálica telescópicade 1.2-2.40 m para rodillo
Plomería,"Tubo PVC Hidráulicos C40 1/2""""x 6 m Espiga/Casquillo"
Plomería,"Tubo PVC Hidráulicos C40 1/2""""x 6 m Espiga/Casquillo"
Plomería,"Tubo PVC Hidráulicos C40 3/4"""" x 6 m Espiga/Casquillo"
Plomería,"Tubo PVC Hidráulicos C40 3/4"""" x 6 m Espiga/Casquillo"
Plomería,"Tubo PVC Hidráulicos C40 1"""" x 6 m Espiga/Casquillo"
Plomería,"Tubo PVC C40 1/2""""x 6 m Espiga/Casquillo"
Plomería,"Tubo PVC C40 1"""" x 6 m Espiga/Casquillo"
Plomería,"Tubo PVC C40 1/2"""" x 6 m Cementar"
Plomería,"Tubo PVC C40 1/2"""" x 6 m Cementar"
Plomería,"Tubo PVC C40  3/4"""" x 6 m  Cementar"
Plomería,"Tubo PVC C40  3/4"""" x 6 m  Cementar"
Plomería,"Tubo PVC C40  1"""" x 6 m  Cementar"
Plomería,"Tubo sanitario cementar 40 mm - 1-1/2"""" x 6 m"
Plomería,"Tubo sanitario cementar 40 mm - 1-1/2"""" x 6 m"
Plomería,"Tubo sanitario cementar 50 mm - 2"""" x 6 m"
Plomería,"Tubo sanitario cementar 50 mm - 2"""" x 6 m"
Plomería,"Tubo sanitario cementar 50 mm - 2"""" x 6 m"
Plomería,"Tubo sanitario cementar 75 mm - 3"""" x 6 m"
Plomería,"Tubo sanitario cementar 75 mm - 3"""" x 6 m"
Plomería,"Tubo sanitario cementar 75 mm - 3"""" x 6 m"
Plomería,"Tubo sanitario cementar 110 mm - 4"""" x 6 m"
Plomería,"Tubo sanitario cementar 110 mm - 4"""" x 6 m"
Plomería,"Tubo sanitario cementar 110 mm - 4"""" x 6 m"
Plomería,"Tubo sanitario cementar 160 mm - 6"""" x 6 m"
Plomería,"Tubo sanitario cementar 160 mm - 6"""" x 6 m"
Plomería,"Tubo sanitario cementar 40 mm - 1-1/2"""" x 6 m"
Plomería,"Tubo sanitario cementar 40 mm - 1-1/2"""" x 6 m"
Plomería,"Tubo sanitario cementar 50 mm - 2"""" x 6 m"
Plomería,"Tubo sanitario cementar 50 mm - 2"""" x 6 m"
Plomería,"Tubo sanitario cementar 50 mm - 2"""" x 6 m"
Plomería,"Tubo sanitario cementar 75 mm - 3"""" x 6 m"
Plomería,"Tubo sanitario cementar 75 mm - 3"""" x 6 m"
Plomería,"Tubo sanitario cementar 75 mm - 3"""" x 6 m"
Plomería,"Tubo sanitario cementar 110 mm - 4"""" x 6 m"
Plomería,"Tubo sanitario cementar 110 mm - 4"""" x 6 m"
Plomería,"Tubo sanitario cementar 110 mm - 4"""" x 6 m"
Plomería,"Tubo sanitario cementar 160 mm - 6"""" x 6 m"
Plomería,"Tubo sanitario cementar 160 mm - 6"""" x 6 m"
Plomería,"Tubo sanitario cementar 40 mm - 1-1/2"""" x 6 m"
Plomería,"Tubo sanitario cementar 40 mm - 1-1/2"""" x 6 m"
Plomería,"Tubo sanitario cementar 50 mm - 2"""" x 6 m"
Plomería,"Tubo sanitario cementar 50 mm - 2"""" x 6 m"
Plomería,"Tubo sanitario cementar 50 mm - 2"""" x 6 m"
Plomería,"Tubo sanitario cementar 75 mm - 3"""" x 6 m"
Plomería,"Tubo sanitario cementar 75 mm - 3"""" x 6 m"
Plomería,"Tubo sanitario cementar 75 mm - 3"""" x 6 m"
Plomería,"Tubo sanitario cementar 110 mm - 4"""" x 6 m"
Plomería,"Tubo sanitario cementar 110 mm - 4"""" x 6 m"
Plomería,"Tubo sanitario cementar 110 mm - 4"""" x 6 m"
Plomería,"Tubo sanitario cementar 160 mm - 6"""" x 6 m"
Plomería,"Tubo sanitario cementar 160 mm - 6"""" x 6 m"
Plomería,"Tubo sanitario cementar 40 mm - 1-1/2"""" x 6 m"
Plomería,"Tubo sanitario cementar 40 mm - 1-1/2"""" x 6 m"
Plomería,"Tubo sanitario cementar 50 mm - 2"""" x 6 m"
Plomería,"Tubo sanitario cementar 50 mm - 2"""" x 6 m"
Plomería,"Tubo sanitario cementar 50 mm - 2"""" x 6 m"
Plomería,"Tubo sanitario cementar 75 mm - 3"""" x 6 m"
Plomería,"Tubo sanitario cementar 75 mm - 3"""" x 6 m"
Plomería,"Tubo sanitario cementar 75 mm - 3"""" x 6 m"
Plomería,"Tubo sanitario cementar 110 mm - 4"""" x 6 m"
Plomería,"Tubo sanitario cementar 110 mm - 4"""" x 6 m"
Plomería,"Tubo sanitario cementar 110 mm - 4"""" x 6 m"
Plomería,"Tubo sanitario cementar 160 mm - 6"""" x 6 m"
Plomería,"Tubo sanitario cementar 160 mm - 6"""" x 6 m"
Plomería,"Tubo CPVC RD13.5 1/2"""" x 3.05 m"
Plomería,"Tubo CPVC RD13.5 3/4"""" x 3.05 m"
Plomería,"Tubo CPVC RD13.5 1"""" 3.05"
Plomería,"Tubo CPVC RD13.5 1/2"""" x 6.1 m"
Plomería,"Tubo CPVC RD13.5 1/2"""" x 6.1 m"
Plomería,"Tubo CPVC RD13.5 3/4"""" x 6.1 m"
Plomería,"Tubo CPVC RD13.5 1"""" x 6.1 m"
Plomería,"Tubo CPVC RD13.5 1/2"""" x 3.05 m"
Plomería,"Tubo CPVC RD13.5 1"""" 3.05"
Plomería,Tubo clase 16 PPR 20 mm x 4 m
Plomería,Tubo clase 16 PPR 20 mm x 4 m
Plomería,Tubo clase 16 PPR 20 mm x 4 m
Plomería,Tubo clase 16 PPR 20 mm x 4 m
Plomería,Tubo clase 16 PPR 25 mm x 4 m
Plomería,Tubo clase 16 PPR 25 mm x 4 m
Plomería,Tubo clase 16 PPR 25 mm x 4 m
Plomería,Tubo clase 16 PPR 25 mm x 4 m
Plomería,Tubo clase 16 PPR 32 mm x 4 m
Plomería,Tubo clase 16 PPR 32 mm x 4 m
Plomería,Tubo clase 16 PPR 32 mm x 4 m
Plomería,Tubo clase 16 PPR 32 mm x 4 m
Plomería,"Tubo CPVC RD13.5 1/2"""" x 6.1 m"
Plomería,"Tubo CPVC RD13.5 1/2"""" x 6.1 m"
Plomería,"Tubo CPVC RD13.5 3/4"""" x 6.1 m"
Plomería,"Tubo CPVC RD13.5 1"""" x 6.1 m"
Plomería,"Tubo Cpvc Rd13.513 mm - 1/2"""" x 6.1 m"
Plomería,"Tubo Cpvc Rd13.513 mm - 1/2"""" x 6.1 m"
Plomería,"Tubo Cpvc Rd13.519 mm - 3/4"""" x 6.1 m"
Plomería,Tubo PPR 20 mm x 1 m
Plomería,Tubo PPR 25 mm x 1 m
Plomería,Tubo PPR 32 mm x 1 m
Plomería,Tubo PPR 20 mm  x 4 m
Plomería,Tubo PPR 20 mm  x 4 m
Plomería,Tubo PPR 25 mm x 4 m
Plomería,Tubo PPR 25 mm x 4 m
Plomería,"Red Bushing CPVC 3/4"""" x 1/2"""""
Plomería,"Cople CPVC 1/2"""""
Plomería,"Cople CPVC 1/2"""""
Plomería,"Cople C-40 1/2"""""
Plomería,"Cople CPVC 3/4"""""
Plomería,"Cople CPVC 3/4"""""
"Aseo, Baños y Cocinas","Válvula de Esfera Soldable 1/2"""""
Plomería,"Válvula de Pie con Canastilla/Resorte 3/4"""""
Plomería,Codo 45º de 20 mm
Plomería,Codo 45º de 25 mm
Plomería,Codo 45º de 32 mm
Plomería,Codo 90º de 20 mm
Plomería,Codo 90º de 25 mm
Plomería,Codo 90º de 32 mm
Plomería,"Codo 90º Rosca Hembra 20 mm  x 1/2"""""
Plomería,"Codo 90º Rosca Hembra 20 mm  x 1/2"""""
Plomería,"Codo 90º Rosca Hembra 25 mm x 1/2"""""
Plomería,"Codo 90º Rosca Hembra 25 mm x 1/2"""""
Plomería,"Codo 90º Rosca Hembra 25 mm x 3/4"""""
Plomería,"Codo 90º Rosca Hembra 32 mm x 3/4"""""
Plomería,"Codo 90º Rosca Macho 20 mm x 1/2"""""
Plomería,"Codo 90º Rosca Macho 20 mm x 1/2"""""
Plomería,"Codo 90º Rosca Macho 25 mm x 1/2"""""
Plomería,"Codo 90º Rosca Macho 25 mm x 1/2"""""
Plomería,"Codo 90º Rosca Macho 32 mm x 1/2"""""
Plomería,"Codo 90º Rosca Macho 32 mm x 1"""""
Plomería,Tee de 20 mm
Plomería,Tee de 20 mm
Plomería,Tee de 25 mm
Plomería,Tee de 25 mm
Plomería,Tee de 32 mm
Plomería,Tee de 32 mm
Plomería,"Tee con Rosca Central Hembra 20 mm x 1/2"""""
Plomería,"Tee con Rosca Central Hembra 20 mm x 1/2"""""
Plomería,"Tee con Rosca Central Hembra 25 mm x 3/4"""""
Plomería,"Tee con Rosca Central Macho 20 mm x 1/2"""""
Plomería,"Tee con Rosca Central Macho 25 mm x 3/4"""""
Plomería,Tee Reducida Central 25 X 25 X 20 mm
Plomería,Tee Reducida Central 25 X 25 X 20 mm
Plomería,Tee Reducida Central 32 X 32 X 20 mm
Plomería,Tee Reducida Central 32 X 32 X 20 mm
Plomería,Tee Reducida Central 32 X 32 X 25 mm
Plomería,Tee Reducida Extrema 25 X 20 X 20 mm
Plomería,Tee Reducida Extrema 32 X 20 X 20 mm
Plomería,Tee Reducida Extrema 32 X 20 X 20 mm
Plomería,Tee Reducida Extrema 25 X 20 X 25 mm
Plomería,Tee Reducida Extrema 25 X 20 X 25 mm
Plomería,Tee Reducida Extrema 32 X 25 X 25 mm
Plomería,Tee Reducida Extrema 32 X 25 X 25 mm
Plomería,Tee Reducida Extrema 32 X 20 X 32 mm
Plomería,Tee Reducida Extrema 32 X 20 X 32 mm
Plomería,Tee Reducida Extrema 32 X 25 X 32 mm
Plomería,Tee Reducida Extrema 32 X 25 X 32 mm
Plomería,Tee Reducida Extrema/Central 32 X 25 X 20 mm
Plomería,Tee Reducida Extrema/Central 32 X 20 X 25 mm
Plomería,Tee Reducida Extrema/Central 32 X 20 X 25 mm
Plomería,Cople de 20 mm
Plomería,Cople de 20 mm
Plomería,Cople de 25 mm
Plomería,Cople de 25 mm
Plomería,Cople de 32 mm
Plomería,Cople de 32 mm
Plomería,"Conector Hembra 20 mm x 1/2"""""
Plomería,"Conector Hembra 20 mm x 1/2"""""
Plomería,"Conector Hembra 20 mm x 3/4"""""
Plomería,"Conector Hembra 20 mm x 3/4"""""
Plomería,"Conector Hembra 25 mm x 1/2"""""
Plomería,"Conector Hembra 25 mm x 1/2"""""
Plomería,"Conector Hembra 25 mm x 3/4"""""
Plomería,"Conector Hembra 25 mm x 3/4"""""
Plomería,"Conector Hembra 32 mm x 3/4"""""
Plomería,"Conector Hembra 32 mm x 3/4"""""
Plomería,"Conector Hembra 32 mm x 1"""""
Plomería,"Conector Hembra 32 mm x 1"""""
Plomería,"Conector Macho 20 mm x 1/2"""""
Plomería,"Conector Macho 20 mm x 3/4"""""
Plomería,"Conector Macho 20 mm x 3/4"""""
Plomería,"Conector Macho 25 mm x 1/2"""""
Plomería,"Conector Macho 25 mm x 1/2"""""
Plomería,"Conector Macho 25 mm x 3/4"""""
Plomería,"Conector Macho 25 mm x 3/4"""""
Plomería,"Conector Macho 32 mm x 3/4"""""
Plomería,"Conector Macho 32 mm x 1"""""
Plomería,"Conector Macho 32 mm x 1"""""
Plomería,Reducción 25 X 20 mm
Plomería,Reducción 25 X 20 mm
Plomería,Reducción 32 X 20 mm
Plomería,Reducción 32 X 20 mm
Plomería,Reducción 32 X 25 mm
Plomería,Reducción 32 X 25 mm
Plomería,Tapón de 20 mm
Plomería,Tapón de 20 mm
Plomería,Tapón de 25 mm
Plomería,Tapón de 25 mm
Plomería,Tapón de 32 mm
Plomería,Tapón de 32 mm
Plomería,Tuerca Unión 20 X 20 mm
Plomería,Tuerca Unión 20 X 20 mm
Plomería,Tuerca Unión 25 X 25 mm
Plomería,Tuerca Unión 25 X 25 mm
Plomería,Tuerca Unión 32 X 32 mm
Plomería,Tuerca Unión 32 X 32 mm
Plomería,Llave de Empotrar para Regadera de 20 mm
Plomería,Juego de Llaves para Regadera 20 mm
Plomería,"Kit Termofusión 32 mm 600w/120v, S/Maleta"
Plomería,Tijera Cortatubo hasta 32 mm
Plomería,Dados M-H De 20 mm
Plomería,Dados M-H De 20 mm
Plomería,Dados M-H De 25 mm
Plomería,Dados M-H De 25 mm
Plomería,Dados M-H De 32 mm
Plomería,Dados M-H De 32 mm
Plomería,"Adaptador Macho CPVC 3/4"""""
Plomería,"Adaptador Macho CPVC 3/4"""""
Plomería,"Adaptador Hembra CPVC 3/4"""""
Plomería,"Adaptador Hembra CPVC 3/4"""""
Plomería,"Adaptador Hembra CPVC 1/2"""""
Plomería,"Adaptador Hembra CPVC 1/2"""""
Plomería,"Adaptador Macho CPVC 1/2"""""
Plomería,"Adaptador Macho CPVC 1/2"""""
Plomería,"Codo 45° PVC C40 1/2"""" Cementar"
Plomería,"Codo 90° PVC C40 1"""" Cementar"
Plomería,"Codo 90° PVC C40 3/4"""" Cementar"
Plomería,"Codo 90° PVC C40 1/2"""" Cementar"
Plomería,"Codo 45° PVC C40 3/4"""" Cementar"
Plomería,"Codo 90° C-40 1/2"""""
Plomería,"Cople C-40 3/4"""""
Plomería,"Codo 90° C-40 3/4"""""
Plomería,Codo 45° PPR Lusaplus 20
Plomería,"Codo 90° C-40 1"""""
Plomería,"Codo 90° CPVC 1"""""
Plomería,"Codo 45° CPVC 1/2"""""
Plomería,"Codo 45° CPVC 1/2"""""
Plomería,"Codo 90° CPVC 1/2"""""
Plomería,"Codo 90° CPVC 1/2"""""
Plomería,"Codo 90° CPVC 3/4"""""
Plomería,"Codo 90° CPVC 3/4"""""
Plomería,"Codo 90° PVC C40 1/2"""" Cementar"
Plomería,"Codo 90° PVC C40 3/4"""" Cementar"
Plomería,"Codo 45° PVC C40 3/4"""" Cementar"
Plomería,"Codo 45° PVC C40 1/2"""" Cementar"
Plomería,"Tee PVC C40 1"""" Cementar"
Plomería,"Tee PVC C40 3/4"""" Cementar"
Plomería,"Tee PVC C40 1/2"""" Cementar"
Plomería,"Tee C-40 1/2"""""
Plomería,"Tee CPVC 1/2"""""
Plomería,"Tee CPVC 1/2"""""
Plomería,"Tee CPVC 3/4"""""
Plomería,"Tee CPVC 3/4"""""
Plomería,"Tee C-40 x 3/4"""""
Plomería,"Tee C-40 x 1"""""
Plomería,"Cople PVC C40 1"""" Cementar"
Plomería,"Cople PVC C40 3/4"""" Cementar"
Plomería,"Cople PVC C40 1/2"""" Cementar"
Plomería,"Cople C-40 x 1"""""
Plomería,"Cople PVC C40 1"""" Cementar"
Plomería,"Tapa Hembra PVC C40 1"""" Cementar"
Plomería,"Tapa Hembra C40 1/2"""" Cementar"
Plomería,"Tapa Hembra PVC C40 3/4"""" Cementar"
Plomería,"Tapon CPVC 1/2"""""
Plomería,"Tapon C-40 1/2"""""
Plomería,"Tapon CPVC 3/4"""""
Plomería,"Tapón C-40 x 3/4"""""
Plomería,"Tapón C-40 x 1"""""
Plomería,"Tapa Hembra PVC C40 1"""" Cementar"
Plomería,"Tapa Hembra C40 1/2"""" Cementar"
Plomería,"Tapa Hembra PVC C40 3/4"""" Cementar"
Plomería,"Cople Sanitario 40 mm - 1-1/2"""""
Plomería,"Cople Sanitario 40 mm - 1-1/2"""""
Plomería,"Cople Sanitario 50 mm - 2"""""
Plomería,"Cople Sanitario 50 mm - 2"""""
Plomería,"Cople Sanitario 75 mm - 3"""""
Plomería,"Cople Sanitario 110 mm - 4"""""
Plomería,"Cople Sanitario 110 mm - 4"""""
Plomería,"Cople Sanitario 160 mm - 6"""""
Plomería,"Cople Sanitario 160 mm - 6"""""
Plomería,"Cople Sanitario 160 mm - 6"""""
Plomería,"Reducción Bushing Sanitaria 2"""" x 1-1/2"""""
Plomería,"Reducción Bushing Sanitaria 3"""" x 2"""""
Plomería,"Reducción Bushing Sanitaria 4"""" x 2"""""
Plomería,"Reducción Bushing Sanitaria 4"""" x 3"""""
Plomería,"Reducción Bushing Sanitaria 6"""" x 4"""""
Plomería,"Codo 90° PVC Sanitario 4"""" trasera 2"""""
Plomería,"Codo 90° PVC Sanitario 4"""" lat. y trasera 2"""""
Plomería,"Reducción Excentrica Sanitario 75 x 50mm - 3"""" x 2"""""
Plomería,"Reducción Excentrica Sanitario 50 x 40mm - 2"""" x 1-1/2"""""
Plomería,"Reducción Excentrica Sanitario 110 x 50mm - 4"""" x 2"""""
Plomería,"Reducción Excentrica Sanitario 110 x 75mm - 4"""" x 3"""""
Plomería,"Reducción Excentrica Sanitario 160 x 110mm - 6"""" x 4"""""
Plomería,"Codo 45° PVC Sanitario 75mm - 3"""" Cementar"
Plomería,"Codo 45° PVC Sanitario 75mm - 3"""" Cementar"
Plomería,"Codo 45° PVC Sanitario 75mm - 3"""" Cementar"
Plomería,"Codo 90° PVC Sanitario 75mm - 3"""" Cementar"
Plomería,"Codo 90° PVC Sanitario 75mm - 3"""" Cementar"
Plomería,"Codo 90° PVC Sanitario 75mm - 3"""" Cementar"
Plomería,"Codo 45° PVC Sanitario 110mm - 4"""" Cementar"
Plomería,"Codo 45° PVC Sanitario 110mm - 4"""" Cementar"
Plomería,"Codo 45° PVC Sanitario 110mm - 4"""" Cementar"
Plomería,"Codo 90° PVC Sanitario 110mm - 4"""" Cementar"
Plomería,"Codo 90° PVC Sanitario 110mm - 4"""" Cementar"
Plomería,"Codo 90° PVC Sanitario 110mm - 4"""" Cementar"
Plomería,"Codo 90° PVC Sanitario 160mm - 6"""" cementar"
Plomería,"Codo 90° PVC Sanitario 160mm - 6"""" cementar"
Plomería,"Codo 90° PVC Sanitario 40mm - 1-1/2"""" Cementar"
Plomería,"Codo 90° PVC Sanitario 40mm - 1-1/2"""" Cementar"
Plomería,"Codo 90° PVC Sanitario 4"""" lat. y trasera 2"""""
Plomería,"Codo 90° PVC Sanitario 50mm - 2"""" Cementar"
Plomería,"Codo 90° PVC Sanitario 50mm - 2"""" Cementar"
Plomería,"Codo 45° PVC Sanitario 40mm - 1-1/2"""" Cementar"
Plomería,"Codo 45° PVC Sanitario 40mm - 1-1/2"""" Cementar"
Plomería,"Codo 45° PVC Sanitario 40mm - 1-1/2"""" Cementar"
Plomería,"Codo 45° PVC Sanitario 160mm - 6"""" cementar"
Plomería,"Codo 45° PVC Sanitario 160mm - 6"""" cementar"
Plomería,"Codo 45° PVC Sanitario 50mm - 2"""" Cementar"
Plomería,"Codo 45° PVC Sanitario 50mm - 2"""" Cementar"
Plomería,"Codo 45° PVC Sanitario 50mm - 2"""" Cementar"
Plomería,"Codo 90° PVC San. 110mm - 4"""" S. Tr 50mm - 2"""""
Plomería,"Codo 90° PVC Sanitario 110mm - 4"""" Cementar"
Plomería,"Codo 90° PVC Sanitario 110mm - 4"""" Cementar"
Plomería,"Codo Sanitario Cementar C/S Lat 50mm - 2"""""
Plomería,"Codo 45° PVC Sanitario 40mm - 1-1/2"""" Cementar"
Plomería,"Codo 45° PVC Sanitario 40mm - 1-1/2"""" Cementar"
Plomería,"Codo 45° PVC Sanitario 40mm - 1-1/2"""" Cementar"
Plomería,"Codo Sanitario Cementar C/S Tr 50mm - 2"""""
Plomería,"Codo 90° PVC Sanitario 50mm - 2"""" Cementar"
Plomería,"Codo 90° PVC Sanitario 50mm - 2"""" Cementar"
Plomería,"Codo 90° PVC Sanitario 75mm - 3"""" Cementar"
Plomería,"Codo 90° PVC Sanitario 75mm - 3"""" Cementar"
Plomería,"Codo 90° PVC Sanitario 75mm - 3"""" Cementar"
Plomería,"Codo 90° Pvc Sanitario 40mm-1-1/2"""" Cementar"
Plomería,"Codo 90° Pvc Sanitario 40mm-1-1/2"""" Cementar"
Plomería,"Codo 90° Pvc Sanitario 50  mm - 2"""" Cementar"
Plomería,"Codo 90° Pvc Sanitario 50  mm - 2"""" Cementar"
Plomería,"Codo 90° Pvc Sanitario 50  mm - 2"""" Cementar"
Plomería,"Codo 90° Pvc Sanitario 75 mm - 3"""" Cementar"
Plomería,"Codo 90° Pvc Sanitario 75 mm - 3"""" Cementar"
Plomería,"Codo 90° Pvc Sanitario 75 mm - 3"""" Cementar"
Plomería,"Codo 90° Pvc Sanitario 110 mm - 4"""" Cementar"
Plomería,"Codo 90° Pvc Sanitario 110 mm - 4"""" Cementar"
Plomería,"Codo 90° Pvc Sanitario 110 mm - 4"""" Cementar"
Plomería,"Codo 90° Pvc Sanitario 160 mm - 6"""" Cementar"
Plomería,"Codo 90° Pvc Sanitario 160 mm - 6"""" Cementar"
Plomería,"Codo 45° Pvc Sanitario 40 mm-1-1/2"""" Cementar"
Plomería,"Codo 45° Pvc Sanitario 40 mm-1-1/2"""" Cementar"
Plomería,"Codo 45° Pvc Sanitario 40 mm-1-1/2"""" Cementar"
Plomería,"Codo 45° Pvc Sanitario 50 mm - 2"""" Cementar"
Plomería,"Codo 45° Pvc Sanitario 50 mm - 2"""" Cementar"
Plomería,"Codo 45° Pvc Sanitario 75 mm - 3"""" Cementar"
Plomería,"Codo 45° Pvc Sanitario 75 mm - 3"""" Cementar"
Plomería,"Codo 45° Pvc Sanitario 75 mm - 3"""" Cementar"
Plomería,"Codo 45° Pvc Sanitario 110 mm - 4"""" Cementar"
Plomería,"Codo 45° Pvc Sanitario 110 mm - 4"""" Cementar"
Plomería,"Codo 45° Pvc Sanitario 110 mm - 4"""" Cementar"
Plomería,"Codo 45° Pvc Sanitario 160 mm - 6"""" Cementar"
Plomería,"Codo 45° Pvc Sanitario 160 mm - 6"""" Cementar"
Plomería,"Tee Sanitario Cementar 40mm - 1-1/2"""""
Plomería,"Tee Sanitario Cementar 40mm - 1-1/2"""""
Plomería,"Tee Reducida Sanitario Cementar 110 x 50mm - 4"""" x 2"""""
Plomería,"Tee Sanitario Cementar 75mm - 3"""""
Plomería,"Tee Sanitario Cementar 75mm - 3"""""
Plomería,"Tee Sanitario Cementar 110mm - 4"""""
Plomería,"Tee Sanitario Cementar 110mm - 4"""""
Plomería,"Tee Sanitario Cementar 110mm - 4"""""
Plomería,"Tee Sanitario Cementar 160mm - 6"""""
Plomería,"Tee Sanitario Cementar 50mm - 2"""""
Plomería,"Tee Sanitario Cementar 50mm - 2"""""
Plomería,"Tee Sanitario Cementar 50mm - 2"""""
Plomería,"Tee Sanitario Cementar 110mm - 4"""""
Plomería,"Tee Sanitario Cementar 110mm - 4"""""
Plomería,"Tee Sanitario Cementar 110mm - 4"""""
Plomería,"Tee Sanitario Cementar 50mm - 2"""""
Plomería,"Tee Sanitario Cementar 50mm - 2"""""
Plomería,"Tee Sanitario Cementar 50mm - 2"""""
Plomería,"Tee Sanitario Cementar 40mm - 1-1/2"""""
Plomería,"Tee Sanitario Cementar 40mm - 1-1/2"""""
Plomería,"Tee Sanitario Cementar 40 mm - 1-1/2"""""
Plomería,"Tee Sanitario Cementar 40 mm - 1-1/2"""""
Plomería,"Tee Sanitario Cementar 50 mm - 2"""""
Plomería,"Tee Sanitario Cementar 50 mm - 2"""""
Plomería,"Tee Sanitario Cementar 50 mm - 2"""""
Plomería,"Tee Sanitario Cementar75 mm - 3"""""
Plomería,"Tee Sanitario Cementar75 mm - 3"""""
Plomería,"Tee Sanitario Cementar110 mm - 4"""""
Plomería,"Tee Sanitario Cementar110 mm - 4"""""
Plomería,"Tee Sanitario Cementar110 mm - 4"""""
Plomería,"Tee Sanitario Cementar 160 mm - 6"""""
Plomería,"Cople PVC Sanitario 50mm - 2"""" Cementar"
Plomería,"Cople PVC Sanitario 50mm - 2"""" Cementar"
Plomería,"Cople PVC Sanitario 75mm - 3"""" Cementar"
Plomería,"Cople PVC Sanitario 40mm - 1-1/2"""" Cementar"
Plomería,"Cople PVC Sanitario 40mm - 1-1/2"""" Cementar"
Plomería,"Cople PVC Sanitario 110mm - 4"""" Cementar"
Plomería,"Cople PVC Sanitario 110mm - 4"""" Cementar"
Plomería,"Cople PVC Sanitario 160mm - 6"""" cementar"
Plomería,"Cople PVC Sanitario 160mm - 6"""" cementar"
Plomería,"Cople PVC Sanitario 160mm - 6"""" cementar"
Plomería,"Cople PVC Sanitario 110mm - 4"""" Cementar"
Plomería,"Cople PVC Sanitario 110mm - 4"""" Cementar"
Plomería,"Cople PVC Sanitario 75mm - 3"""" Cementar"
Plomería,"Yee Sanitario Cementar 160mm - 6"""""
Plomería,"Yee Sanitario Cementar 160mm - 6"""""
Plomería,"Yee Sanitario Cementar 50mm - 2"""""
Plomería,"Yee Sanitario Cementar 50mm - 2"""""
Plomería,"Yee Sanitario Cementar 40mm - 1-1/2"""""
Plomería,"Yee Sanitario Cementar 40mm - 1-1/2"""""
Plomería,"Yee Sanitario Cementar 75mm - 3"""""
Plomería,"Yee Sanitario Cementar 75mm - 3"""""
Plomería,"Yee Sanitario Cementar 75mm - 3"""""
Plomería,"Yee Sanitario Cementar 110mm - 4"""""
Plomería,"Yee Sanitario Cementar 110mm - 4"""""
Plomería,"Yee Sanitario Cementar 110mm - 4"""""
Plomería,"Yee Reducida Sanitario Cementar 110 x 50mm - 4"""" x 2"""""
Plomería,"Yee Sanitario Cementar 110mm - 4"""""
Plomería,"Yee Sanitario Cementar 110mm - 4"""""
Plomería,"Yee Sanitario Cementar 110mm - 4"""""
Plomería,"Yee Sanitario Cementar 40mm - 1-1/2"""""
Plomería,"Yee Sanitario Cementar 40mm - 1-1/2"""""
Plomería,"Yee Sanitario 40 mm - 1-1/2"""""
Plomería,"Yee Sanitario 40 mm - 1-1/2"""""
Plomería,"Yee Sanitario 50 mm - 2"""""
Plomería,"Yee Sanitario 50 mm - 2"""""
Plomería,"Yee Sanitario 75 mm - 3"""""
Plomería,"Yee Sanitario 75 mm - 3"""""
Plomería,"Yee Sanitario 75 mm - 3"""""
Plomería,"Yee Sanitario 110 mm - 4"""""
Plomería,"Yee Sanitario 110 mm - 4"""""
Plomería,"Yee Sanitario 110 mm - 4"""""
Plomería,"Yee Sanitario 160 mm - 6"""""
Plomería,"Yee Sanitario 160 mm - 6"""""
Plomería,"Tapa Sanitario Inserción 50mm - 2"""""
Plomería,"Tapa Sanitario Inserción 50mm - 2"""""
Plomería,"Tapa Sanitario Inserción 110mm - 4"""""
Plomería,"Tapa Sanitario Inserción 110mm - 4"""""
Plomería,"Tapa Sanitario Inserción 75mm - 3"""""
Plomería,"Tapa Sanitario Inserción 75mm - 3"""""
Plomería,"Tapa Sanitario Inserción 160mm - 6"""""
Plomería,"Tapa Sanitario Inserción 160mm - 6"""""
Plomería,"Tapa Sanitario Inserción 160mm - 6"""""
Plomería,"Tapa Sanitario Inserción 40mm - 1-1/2"""""
Plomería,"Tapa Sanitario Inserción 40mm - 1-1/2"""""
Plomería,"Tapa Sanitario Inserción 75mm - 3"""""
Plomería,"Tapa Sanitario Inserción 75mm - 3"""""
Plomería,"Tapón Sanitario 40 mm - 1-1/2"""""
Plomería,"Tapón Sanitario 40 mm - 1-1/2"""""
Plomería,"Tapón Sanitario 50 mm - 2"""""
Plomería,"Tapón Sanitario 50 mm - 2"""""
Plomería,"Tapón Sanitario 75 mm - 3"""""
Plomería,"Tapón Sanitario 75 mm - 3"""""
Plomería,"Tapón Sanitario 110 mm - 4"""""
Plomería,"Tapón Sanitario 110 mm - 4"""""
Plomería,"Tapón Sanitario 160 mm - 6"""""
Plomería,"Tapón Sanitario 160 mm - 6"""""
Plomería,"Tapón Sanitario 160 mm - 6"""""
Plomería,"Reducción Bushing CPVC 3/4"""" x 1/2"""""
Plomería,"Reducción Bushing CPVC 3/4"""" x 1/2"""""
Plomería,"Reducción Bushing CPVC 1"""" x 1/2"""""
Plomería,"Reducción Bushing CPVC 1"""" x 3/4"""""
Plomería,"Reducción Bushing CPVC 1"""" x 3/4"""""
Plomería,Válvula de Esfera 20 mm
Plomería,Válvula de Esfera 20 mm
Plomería,Válvula de Esfera 25 mm
Plomería,Válvula de Esfera 25 mm
Plomería,Válvula de Esfera 32 mm
Plomería,Válvula de Esfera 32 mm
Plomería,"Adaptador Hembra CPVC 1/2"""""
Plomería,"Adaptador Hembra CPVC 1/2"""""
Plomería,"Adaptador Hembra CPVC 1/2"""" Rosca Metálica"
Plomería,"Adaptador Macho CPVC 1/2"""""
Plomería,"Adaptador Macho CPVC 1/2"""""
Plomería,"Adaptador Macho CPVC 1"""""
Plomería,"Adaptador Macho CPVC 1"""""
Plomería,"Adaptador Hembra CPVC 1"""""
Plomería,"Adaptador Hembra CPVC 3/4"""""
Plomería,"Adaptador Hembra CPVC 3/4"""""
Plomería,"Adaptador Hembra CPVC 1"""""
Plomería,"Adaptador Macho CPVC 1"""""
Plomería,"Adaptador Macho CPVC 1"""""
Plomería,"Adaptador Macho CPVC 1/2"""""
Plomería,"Adaptador Macho CPVC 1/2"""""
Plomería,"Adaptador Macho CPVC 3/4"""""
Plomería,"Adaptador Macho CPVC 3/4"""""
Plomería,"Adaptador Macho CPVC 1"""""
Plomería,"Adaptador Macho CPVC 1"""""
Plomería,"Adaptador Hembra CPVC 1/2"""""
Plomería,"Adaptador Hembra CPVC 1/2"""""
Plomería,"Adaptador Hembra CPVC 3/4"""""
Plomería,"Adaptador Hembra CPVC 3/4"""""
Plomería,"Adaptador Hembra CPVC 1"""""
Plomería,"Adaptador Macho CPVC 1/2"""""
Plomería,"Codo 90° CPVC 1/2"""""
Plomería,"Codo 90° CPVC 1/2"""""
Plomería,"Codo 45° CPVC 1/2"""""
Plomería,"Codo 45° CPVC 1/2"""""
Plomería,"Codo 45° CPVC 3/4"""""
Plomería,"Codo 45° CPVC 3/4"""""
Plomería,"Codo 45° CPVC 1"""""
Plomería,"Codo 90° CPVC 3/4"""""
Plomería,"Codo 90° CPVC 3/4"""""
Plomería,"Adaptador Macho CPVC 3/4"""""
Plomería,"Adaptador Macho CPVC 3/4"""""
Plomería,"Adaptador Hembra CPVC 3/4"""" Rosca Metálica"
Plomería,"Codo 90° CPVC 1/2"""""
Plomería,"Codo 90° CPVC 1/2"""""
Plomería,"Codo 90° CPVC 3/4"""""
Plomería,"Codo 90° CPVC 3/4"""""
Plomería,"Codo 90° CPVC 1"""""
Plomería,"Codo 45° CPVC 1/2"""""
Plomería,"Codo 45° CPVC 1/2"""""
Plomería,"Codo 45° CPVC 3/4"""""
Plomería,"Codo 45° CPVC 3/4"""""
Plomería,"Codo 45° CPVC 1"""""
Plomería,"Codo 90° CPVC 1/2"""""
Plomería,"Codo 45° CPVC 1/2"""""
Plomería,"Codo 45° CPVC 1/2"""""
Plomería,"Codo 90° CPVC 3/4"""""
Plomería,"Codo 90° CPVC 1"""""
Plomería,"Adaptador Hembra CPVC 1/2"""""
Plomería,"Adaptador Hembra CPVC 3/4"""""
Plomería,Codo M-H 45º de 20 mm
Plomería,Codo M-H 45º de 25 mm
Plomería,"Tee CPVC 3/4"""""
Plomería,"Tee CPVC 3/4"""""
Plomería,"Tee CPVC 1/2"""""
Plomería,"Tee CPVC 1/2"""""
Plomería,"Tee CPVC 1"""""
Plomería,"Tee CPVC 1"""""
Plomería,"Tee CPVC 1"""""
Plomería,"Tee CPVC 1"""""
Plomería,"Tee CPVC 1/2"""""
Plomería,"Tee CPVC 1/2"""""
Plomería,"Tee CPVC 3/4"""""
Plomería,"Tee CPVC 3/4"""""
Plomería,"Tee CPVC 1"""""
Plomería,"Tee CPVC 1"""""
Plomería,"Tee CPVC 1"""" "
Plomería,"Tee CPVC 3/4"""" "
Plomería,"Cople CPVC 1"""""
Plomería,"Cople CPVC 1/2"""""
Plomería,"Cople CPVC 1/2"""""
Plomería,"Cople CPVC 3/4"""""
Plomería,"Cople CPVC 3/4"""""
Plomería,"Cople CPVC 1"""""
Plomería,"Cople CPVC 1/2"""""
Plomería,"Cople CPVC 1/2"""""
Plomería,"Cople CPVC 3/4"""""
Plomería,"Cople CPVC 3/4"""""
Plomería,"Cople CPVC 1"""""
Plomería,"Tuerca Unión CPVC 1/2"""""
Plomería,"Tuerca Unión CPVC 3/4"""""
Plomería,"Tapa Hembra CPVC 1/2"""""
Plomería,"Tapa Hembra CPVC 3/4"""""
Plomería,"Tapa Hembra CPVC 3/4"""""
Plomería,"Tapon CPVC 1"""""
Plomería,"Tapa CPVC 1/2"""""
Plomería,"Tapa CPVC 3/4"""""
Plomería,"Tapa CPVC 3/4"""""
Plomería,"Tapa CPVC 1"""""
Plomería,"Tapa Hembra CPVC 1/2"""" "
Plomería,Tapon de Reparación
Plomería,"Reducción Bushing CPVC 3/4"""" x 1/2"""" "
Plomería,"Reducción Bushing CPVC 3/4"""" x 1/2"""" "
Plomería,"Reducción Bushing CPVC 1"""" x 3/4"""""
Plomería,"Reducción Bushing CPVC 1"""" x 3/4"""""
Plomería,Regulador c. punta pol suave con maneral
Plomería,Cartucho Gas Butano 275 g - 500 ml 1705
Plomería,Cartucho Gas Estufa Portátil 220 g
Plomería,"Fléxico aluminio gas FGA 3/8"""" x 2m"
Plomería,Manguera Alugas 3/8 F x 3/8 F x 100 cm
Plomería,Manguera Alugas 3/8 F x 3/8 F x 150 cm
Plomería,Manguera Alugas 3/8 F x 3/8 F x 200 cm
Plomería,Manguera Alugas 3/8 F x 3/8 F x 60 cm
Plomería,Manguera Alugas Pig Tail x 55 cm
Plomería,Regulador baja presión R1 universal sin acc.
Plomería,Regulador baja presión R1
"Aseo, Baños y Cocinas",Cílindro para Gas Lp 20 kg
"Aseo, Baños y Cocinas",Cílindro para Gas Lp 20 lb con válvula VII
"Aseo, Baños y Cocinas",Cílindro para Gas Lp 30 kg
"Aseo, Baños y Cocinas",Tanque estacionario 120 l horizontal
"Aseo, Baños y Cocinas",Tanque estacionacio 180 l horizontal
"Aseo, Baños y Cocinas",Tanque estacionario 300 l horizontal
"Aseo, Baños y Cocinas",Tanques de Gas Lp 4 kg Cilindro
Plomería,Pasta para Soldar 75g
Plomería,Soldadura Omega Sólida 95/5 450 g
Plomería,Soldadura Omega Sólida 95/5 3 m
Plomería,Soldadura Omega Sólida 95/5 MINI 48 g
Plomería,Soldadura Omega Sólida 50 450 g
Plomería,Soldadura Omega Sólida 50 3 m
Plomería,Soldadura Omega Sólida 50 MINI 70 g
Plomería,Soldadura Omega Sólida 1/2 1/2 450 g
Plomería,Soldadura Omega Sólida 1/2 1/2 MINI 85 g
Plomería,Soldadura Omega Sólida 1/2 1/2 3 m
Plomería,Soldadura Omega Barra 1/2 1/2 500 g
Plomería,Cemento PVC Sanitario Dorado Tubo 50 g
Plomería,Cemento PVC Sanitario Dorado 75 ml
Plomería,Cemento PVC Sanitario Dorado 125 ml
Plomería,Cemento PVC Sanitario Dorado 250 ml
Plomería,Cemento PVC Sanitario Dorado 500 ml
Plomería,Cemento PVC Azul Hidráulico Tubo 50 g
Plomería,Cemento PVC Azul Hidráulico MINIPIT
Plomería,Cemento PVC Azul Hidráulico 125 ml
Plomería,Cemento PVC Azul Hidráulico 250 ml
Plomería,Cemento PVC Azul Hidráulico 500 ml
Plomería,Cemento CPVC Tubo 50 g
Plomería,Cemento CPVC 125 ml
Plomería,Cemento CPVC 250 ml
Plomería,Pasta Eco Tech sin Lija 100 g
Plomería,"Tubo de cobre 1/2"""" Cobrecel tipo N X 6.1m"
Plomería,"Tubo de cobre 3/4"""" Cobrecel tipo N X 6.1m"
Plomería,"Tubo cobre Rig M 1/2"""" 13 mm x 6.10 m"
Plomería,"Tubo cobre Rig M 3/4"""" 19 mm x 6.10 m"
Plomería,"Tubo cobre Rig M 1"""" 25 mm x 6.10 m"
Plomería,"Tubo cobre Rig L 1/2"""" 13 mm x 6.10 m"
Plomería,"Tubo cobre Rig L 3/4"""" 19 mm x 6.10 m"
Plomería,"Tubo cobre Rig L 1"""" 25 mm x 6.10 m"
Plomería,"Tubo cobre Rig N 1/2"""" 13 mm x 3.05 m"
Plomería,"Tubo cobre Rig N 3/4"""" 19 mm x 3.05 m"
Plomería,"Tubo cobre Rig N 1"""" 25 mm x 3.05 m"
Plomería,"Tubo cobre Rig M 1/2"""" 13 mm x 3.05 m"
Plomería,"Tubo Cobre Rig M 3/4"""" 19 mm x 3.05 m"
Plomería,"Tubo Cobre Rig M 1"""" 25 mm x 3.05 m"
Plomería,"Tubo Cobre Rig L 1/2"""" 13 mm x 3.05 m"
Plomería,"Tubo Cobre Rig L 3/4"""" 19 mm x 3.05 m"
Plomería,"Tubo Cobre Rig M 1/2"""" 13 mm x 6.10 m"
Plomería,"Tubo Cobre Rig M 3/4"""" 19 mm x 6.10 m"
Plomería,"Tubo Cobre Rig L 1/2"""" 13 mm x 6.10 m"
Plomería,"Tubo Cobre Rig N 1/2"""" 13 mm x 6.10 m"
Plomería,"Tubo Cobre Rig N 3/4"""" 19 mm X 6.10 m"
Plomería,"Codo de Cobre 90º 1/2"""""
Plomería,"Codo de Cobre 90º 1/2"""""
Plomería,"Codo de Cobre 90º 3/4"""""
Plomería,"Codo de Cobre 45º 1/2"""""
Plomería,"Codo de Cobre 45º 3/4"""""
Plomería,"Codo de Cobre 90º Rosca Interior 1/2"""""
Plomería,"Cople de Cobre 1/2"""""
Plomería,"Cople de Cobre 3/4"""""
Plomería,"Reducción Bushing de Cobre 3/4"""" x 1/2"""""
Plomería,"Conector de Cobre Rosca Exterior 1/2"""""
Plomería,"Conector de Cobre Rosca Exterior 3/4"""""
Plomería,"Conector de Cobre Rosca Interior 1/2"""""
Plomería,"Conector de Cobre Rosca Interior 3/4"""""
Plomería,"Tuerca Unión de Cobre Soldable 1/2"""""
Plomería,"Tuerca Unión de Cobre Soldable 3/4"""""
Plomería,"Tee de Cobre Soldable 1/2"""""
Plomería,"Tee de Cobre Soldable 3/4"""""
Plomería,Tee de Cobre Soldable 1”
Plomería,"Tapón Capa de Cobre 1/2"""""
Plomería,"Tapón Capa de Cobre 3/4"""""
Plomería,"Conector Rosca Interior 1/2"""""
Plomería,"Conector Rosca Interior 3/4"""""
Plomería,"Conector Rosca Exterior 3/4"""""
Plomería,"Conector Rosca Exterior 1/2"""""
Plomería,"Tapón Capa Cu 19 mm 3/4"""""
Plomería,"Codo de Cobre 90° C.C 1"""""
Plomería,"Codo de Cobre 45° C.C 1"""""
Plomería,"Codo Cobre 90° a rosca interior 1/2"""""
Plomería,"Codo Cobre 90° a rosca interior 3/4"""""
Plomería,"Codo Cobre 90° a rosca exterior 1/2"""""
Plomería,"Codo Cobre 45° C.C. 1/2"""""
Plomería,"Codo Cobre 45° C.C. 3/4"""""
Plomería,"Codo de Cobre 90° C.C. 3/4"""""
Plomería,"Codo de Cobre 90° C.C. 1/2"""""
Plomería,"Codo de Cobre 90° C.C. 1/2"""""
Plomería,"Codo 45° Cu 13 mm 1/2"""""
Plomería,"Codo 45° Cu 19 mm 3/4"""""
Plomería,"Codo 90° Cu 13 mm 1/2"""""
Plomería,"Codo 90° Cu 13 mm 1/2"""""
Plomería,"Codo 90° Cu 25 mm 1"""""
Plomería,"Codo 90° Cu 19 mm 3/4"""""
Plomería,"Tee Cobre C.C.C 1"""""
Plomería,"Tee Cobre C.C.C. 1/2"""""
Plomería,"Tee Cobre C.C.C. 3/4"""""
Plomería,"Tee Cu 19 mm 3/4"""""
Plomería,"Tee Cu 13 mm 1/2"""""
Plomería,"Tee Cu 25 mm 1"""""
Plomería,"Tuerca unión Cobre 3/4"""""
Plomería,"Tuerca unión Cobre 1"""""
Plomería,"Red. Bushing Cu 19 x 13 mm 3/4"""" x 1/2"""""
Plomería,"Tapon Capa Cu 13 mm 1/2"""""
"Aseo, Baños y Cocinas",Coladera Universal Push
"Aseo, Baños y Cocinas",Cespol Bote Compakto Clasico
"Aseo, Baños y Cocinas",Flexidesagüe 1.50 C/ Chupones
"Aseo, Baños y Cocinas","Coladera Sanitario PVC 110mm - 4"""""
"Aseo, Baños y Cocinas",Coladera Universal Clásica C/Cub y Bisel
"Aseo, Baños y Cocinas",Juego De Herrajes C/Descarga De 3''
"Aseo, Baños y Cocinas","Juego De Herrajes Zero Fugas C/Val 8.5""""Caja"
"Aseo, Baños y Cocinas",Juego De Herrajes Zero Fugas C/Flexi-Sapo
"Aseo, Baños y Cocinas",Extensión-Trampa Jumbo P/ Freg Flex de 80cm
"Aseo, Baños y Cocinas",Flexi Trampa P/Freg C/Contracanasta
"Aseo, Baños y Cocinas",Flexi Sapo
"Aseo, Baños y Cocinas",Portarrollo P/W.C. De Plastico
"Aseo, Baños y Cocinas",Válvula Descarga Con Flexi-Sapo
"Aseo, Baños y Cocinas","Válvula De Admisión """"Gira Jack"""""
"Aseo, Baños y Cocinas",Cespol Xl P/Lavabo Flex Bote Ch Ext 55 cm
"Aseo, Baños y Cocinas",Cespol xl P/Freg Flex Bote Gde Ext de 55 cm
"Aseo, Baños y Cocinas",Cespol Practico Tipo ''P'' P/Lav
"Aseo, Baños y Cocinas","Cisterna de 5,000 L con Accesorios"
Plomería,Tinaco 750 L c. Accesorios y filtro
Plomería,Tinaco 1100 L c. Accesorios y filtro
Plomería,Tinaco 2500 L c. Accesorios y filtro
Plomería,Tinaco 450 L c. Accesorios Negro
Plomería,Tinaco 750 L c. Accesorios Negro
Plomería,Tinaco 1100 L c. Accesorios Negro
Plomería,Tinaco 450 L c. Accesorios Arena
Plomería,Tinaco 750 L c. Accesorios Arena
Plomería,Tinaco 1100 L c. Accesorios Arena
Plomería,Multiconector con válvula y tuerca
Plomería,Flotador #5
"Aseo, Baños y Cocinas","Manguera Flexible para Fregadero de 55 cm 1/2"""" x 1/2"""""
"Aseo, Baños y Cocinas","Manguera Flexible para Lavabo de 40 cm 1/2"""" x 1/2"""""
"Aseo, Baños y Cocinas","Manguera Flexible para Lavado de 40 cm 1/2"""" x 1/2"""""
"Aseo, Baños y Cocinas","Manguera Flexible para WC de 35 cm 1/2"""" x 7/8"""""
"Aseo, Baños y Cocinas","Manguera Flex para WC 1/2"""" x 7/8"""" 35 cm"
"Aseo, Baños y Cocinas","Válvula De Esfera Soldable De 3/4"""""
"Aseo, Baños y Cocinas","Válvula de compuerta roscable 1/2"""""
"Aseo, Baños y Cocinas","Válvula de compuerta roscable 1"""""
"Aseo, Baños y Cocinas","Válvula de compuerta soldable 1/2"""""
"Aseo, Baños y Cocinas","Válvula de compuerta soldable 3/4"""""
"Aseo, Baños y Cocinas","Válvula de compuerta soldable 1"""""
"Aseo, Baños y Cocinas","Válvula angular compresión 1/2"""""
"Aseo, Baños y Cocinas","Válvula angular compr. hembra 1/2"""" x 1/2"""""
Plomería,"Válvula Bola CPVC 3/4"""""
Plomería,"Válvula Bola CPVC 1/2"""""
"Aseo, Baños y Cocinas",Valvula De Control Angular Roscable Satinado 25CC
"Aseo, Baños y Cocinas",Valvula De Control Roscable a 90° 25E
"Aseo, Baños y Cocinas",Válvula De Esfera Soldable 90° 13 mm 100-IS 13MM
"Aseo, Baños y Cocinas",Válvula De Esfera Soldable  90° 19 mm 100-IS 19MM
"Aseo, Baños y Cocinas",Válvula Expulsora De Aire 13 mm 101
Plomería,"Válvula de bola CPVC 3/4"""""
Plomería,"Válvula de paso PPR 1/2"""""
"Aseo, Baños y Cocinas","Válvula angular 1/2"""""
Plomería,"Válvula Bola CPVC 3/4"""""
Plomería,"Tuerca Unión CPVC 1/2"""""
Plomería,Flotador #5 + Varilla
"Aseo, Baños y Cocinas",Manguera Flexible Para WC 35 cm
Plomería,"Niple Galvanizado 1/2"""" x Roscable"
Plomería,"Niple Galvanizado 1/2"""" x 2"""" - 5  cm"
Plomería,"Niple Galvanizado 1/2"""" x 4"""" - 10 cm"
Plomería,"Niple Galvanizado 1/2"""" x 5"""" - 12.5 cm"
Plomería,"Niple Galvanizado 1/2"""" x 6"""" - 15 cm"
Plomería,"Niple Galvanizado 1/2"""" x 8"""" - 20 cm"
Plomería,"Niple Galvanizado 1/2"""" x 10"""" - 25 cm"
Plomería,"Niple Galvanizado 1/2"""" x 12"""" - 30 cm"
Plomería,"Niple Galvanizado 1/2"""" x 16"""" - 40 cm"
Plomería,"Niple Galvanizado 1/2"""" x 50 cm"
Plomería,"Niple Galvanizado 1/2"""" x 60 cm"
Plomería,"Niple Galvanizado 1/2"""" x 70 cm"
Plomería,"Niple Galvanizado 1/2"""" x 80 cm"
Plomería,"Niple Galvanizado 1/2"""" x 90 cm"
Plomería,"Niple Galvanizado 1/2"""" x 100 cm"
Plomería,"Niple Galvanizado 3/4"""" x 2"""" - 5  cm"
Plomería,"Niple Galvanizado 3/4"""" x 3"""" - 7.5 cm"
Plomería,"Niple Galvanizado 3/4"""" x 4"""" - 10 cm"
Plomería,"Niple Galvanizado 3/4"""" x 6"""" - 15 cm"
Plomería,"Niple Galvanizado 3/4"""" x 8"""" - 20 cm"
Plomería,"Niple Galvanizado 3/4"""" x Roscable"
Plomería,"Niple Galvanizado 3/4"""" x 10"""" - 25 cm"
Plomería,"Niple Galvanizado 3/4"""" x 12"""" - 30 cm"
Plomería,"Niple Galvanizado 1"""" x Roscable"
Plomería,"Niple Galvanizado 1"""" x 2"""" - 5 cm"
Plomería,"Niple Galvanizado 1"""" x 4"""" - 10 cm"
Plomería,"Niple Galvanizado 1"""" x 6"""" - 15 cm"
Plomería,"Niple Galvanizado 1"""" x 10"""" - 25 cm"
Plomería,"Codo 90° Galvanizado 1/2"""""
Plomería,"Codo 90° Galvanizado 3/4"""""
Plomería,"Codo 45° Galvanizado 1/2"""""
Plomería,"Codo 45° Galvanizado 3/4"""""
Plomería,"Tee Galvanizado 1/2"""""
Plomería,"Tee Galvanizado 3/4"""""
Plomería,"Tee Galvanizado 1"""""
Plomería,"Cople Galvanizado 1/2"""""
Plomería,"Cople Galvanizado 3/4"""""
Plomería,"Tuerca Unión Galvanizado 1/2"""""
Plomería,"Tuerca Unión Galvanizado 3/4"""""
Plomería,"Tuerca Unión Galvanizado 1"""""
Plomería,"Tapón Galvanizado 1/2"""""
Plomería,"Tapón Galvanizado 3/4"""""
Plomería,"Tapón Galvanizado 1"""""
Plomería,"Tapón Macho Galvanizado 1/2"""""
Plomería,"Tapón Macho Galvanizado 3/4"""""
Plomería,"Tapón Macho Galvanizado 1"""""
Plomería,"Reducción Bushing Galvanizado 3/4"""" x 1/2"""""
Plomería,"Reducción Bushing Galvanizado 1"""" x 1/2"""""
Plomería,"Reducción Bushing Galvanizado 1"""" x 3/4"""""
Plomería,"Reducción Campana Galvanizado 3/4"""" x 1/2"""""
Plomería,"Reducción Campana Galvanizado 1"""" x 1/2"""""
Plomería,"Reducción Campana Galvanizado 1"""" x 3/4"""""
Plomería,Tubo PPR 32 mm x 4 m
Plomería,Tubo PPR 32 mm x 4 m
Plomería,Tubo PPR 20 mm x 4 m
Plomería,Tubo PPR 20 mm x 4 m
Plomería,Tubo PPR 25 mm x 4 m
Plomería,Tubo PPR 25 mm x 4 m
Plomería,Tubo PPR 32 mm x 4 m
Plomería,Tubo PPR 32 mm x 4 m
Plomería,"Tubo Conduit PVC Ligero 1/2"""" x 3 m Casquillo"
Plomería,"Tubo Conduit PVC Ligero 3/4"""" x 3 m Casquillo"
Plomería,"Tubo Conduit PVC Ligero 1"""" x 3 m Casquillo"
Plomería,"Tubería de PVC ligero 13mm (1/2"""") x 3m"
Plomería,"Tubería de PVC ligero 19mm (3/4"""") x 3m"
Plomería,"Tubería de PVC pesado 3/4"""" x 3m"
Plomería,"Tubo PVC Conduit Pesado 1/2"""" x 3 m"
Plomería,"Tubo PVC Conduit Pesado 3/4"""" x 3 m"
Plomería,"Tubo PVC Conduit Ligero 1/2"""" x 3m"
Plomería,"Tubo PVC Conduit Ligero 3/4"""" x 3m"
Plomería,"Cople PVC Conduit Pesado 1/2"""""
Plomería,"Cople PVC Conduit Pesado 3/4"""""
Plomería,"Caja Cuadrada Conduit 1/2"""""
Plomería,"Caja Cuadrada Conduit 3/4"""""
Plomería,"Tapa Cuadrada Conduit 3/4"""""
Plomería,"Paquete de Conector Conduit PVC Pesado 1"""" x 5 un"
Plomería,"Curva 90° PVC Conduit Pesado 1/2"""""
Plomería,"Curva 90° PVC Conduit Pesado 3/4"""""
Plomería,"Curva 90° PVC Conduit Ligero 1/2"""""
Plomería,"Curva 90° PVC Conduit Ligero 3/4"""""
Plomería,"Cople PVC Conduit Ligero 1/2"""""
Plomería,"Paquete de Cople Conduit PVC Ligero 1"""" x 5 un"
Plomería,"Conector PVC Conduit Pesado 1/2"""""
Plomería,"Conector PVC Conduit Pesado 3/4"""""
Plomería,"Conector PVC Conduit Ligero 1/2"""""
Plomería,"Conector PVC Conduit Ligero 3/4"""""
Electricos,Canaleta Lisa 20 x 12 mm Blanca C/A S/D
Electricos,Canaleta Lisa 20 x 12 mm Blanca C/A S/D
Electricos,Canaleta Lisa 20 x 12 mm Blanca C/A S/D
Electricos,Canaleta Lisa 13 x 7 mm Blanca C/A S/D
Electricos,Canaleta Lisa 13 x 7 mm Blanca C/A S/D
Electricos,Canaleta Lisa 13 x 7 mm Blanca C/A S/D
Electricos,Canaleta Lisa 13 x 7 mm Blanca C/A S/D
Electricos,"Poliflex Naranja de 1/2"""" - 100 m Sin Guia"
Electricos,"Poliflex 3/4"""" Naranja - 50 m Sin Guia"
Electricos,"Flexiplus 1/2"""" Naranja - 100 m Sin Guia"
Electricos,"Flexiplus 3/4"""" Naranja - 50 m Sin Guia"
Electricos,"Econoducto 1/2"""" Naranja sin Guía 100 m"
Electricos,Iu1C16D Interr Termomagnético Din 1P 16A
Electricos,Iu1C20D Interr Termomagnético Din 1P 20A
Electricos,Interruptor De Seguridad 2 Fusibles 30A
Electricos,Interruptor Termo Enchufable 1 Polo 20A
Electricos,Interruptor Termo Enchufable 1 Polo 20A
Electricos,Interruptor Termomagnetico QO 1P 15A
Electricos,Interruptor Termomagnetico QO 1P 15A
Electricos,Interruptor Termomagnetico QO 1P 15A
Electricos,Interruptor Termomagnetico QO 1P 15A
Electricos,Interruptor Termomagnetico QO 1P 30A
Electricos,Interruptor Termomagnetico QO 1P 30A
Electricos,Interruptor Termomagnetico QO 1P 30A
Electricos,Interruptor Termomagnetico QO 1P 30A
Electricos,Inter Term QO 1P. 40 A. Ench 10 kA 240 V 
Electricos,Inter Term QO 1P. 40 A. Ench 10 kA 240 V 
Electricos,Inter Term QO 1P. 40 A. Ench 10 kA 240 V 
Electricos,Inter Term QO 1P. 40 A. Ench 10 kA 240 V 
Electricos,Inter Term QO 1P. 50 A. Ench 10 kA 120 V
Electricos,Inter Term QO 1P. 50 A. Ench 10 kA 120 V
Electricos,Inter Term QO 1P. 50 A. Ench 10 kA 120 V
Electricos,Inter Term QO 1P. 50 A. Ench 10 kA 120 V
Electricos,"Caja de registro sin tapa3"""" X 3"""""
Electricos,"Caja de registro sin tapa4"""" X 4"""""
Electricos,Caja tipo chalupa de 2 X 4rectangular lamina de acero
Electricos,Caja tipo chalupa de 4 X 4cuadrada lamina de acero
Electricos,Centro De Carga De 4 Espacios 60A Sobreponer
Electricos,Centro De Carga De 4 Espacios 60A Sobreponer
Electricos,Centro De Carga De 4 Espacios 60A Sobreponer
Electricos,Centro de Carga de 4 Espacios 60A Empotrar
Electricos,Centro de Carga de 4 Espacios 60A Empotrar
Electricos,Centro de Carga de 4 Espacios 60A Empotrar
Electricos,Centro de Carga de 4 Espacios 60A Empotrar
Electricos,Centro de Carga de 2 Espacios 50A Sobreponer
Electricos,Centro de Carga de 2 Espacios 50A Sobreponer
Electricos,Centro de Carga de 2 Espacios 50A Sobreponer
Electricos,Centro de Carga de 2 Espacios 50A Sobreponer
Electricos,Fusible 30 A Con Agarradera Juego 2 Pz
Electricos,Fusible 30 A Reforzado Granel
Electricos,Fusible 60 A granel
Electricos,Cartucho Fusible Renovable Fibra Vulcanizada 30 A
Electricos,Cartucho Fusible Renovable Fibra Vulcanizada 60 A
Electricos,Fusible 30A
Electricos,Fusible 30A c/jaladera
Electricos,Fusible 60A
Electricos,Fusible reforzado 30A
Electricos,Cable THHW-Ls #12 Rojo Pza 100 m
Electricos,Cable THHW-Ls #12 Rojo Pza 100 m
Electricos,Cable THHW-Ls #12 Negro Pza 100 m
Electricos,Cable THHW-Ls #12 Negro Pza 100 m
Electricos,Cable THHW-Ls #12 Blanco Pza 100 m
Electricos,Cable THHW-Ls #12 Blanco Pza 100 m
Electricos,Cable THHW-Ls #12 Verde Pza 100 m
Electricos,Cable THHW-Ls #12 Verde Pza 100 m
Electricos,Cable THHW-Ls #10 Negro Pza 100 m
Electricos,Cable THHW-Ls #10 Negro Pza 100 m
Electricos,Cable THHW-Ls #10 Blanco Pza 100 m
Electricos,Cable THHW-Ls #10 Blanco Pza 100 m
Electricos,Cable THHW-Ls #10 Rojo Pza 100 m
Electricos,Cable THHW-Ls #10 Rojo Pza 100 m
Electricos,Cable THHW-Ls #10 Verde Pza 100 m
Electricos,Cable THHW-Ls #10 Verde Pza 100 m
Electricos,Cable THHW-Ls #14 Verde Pza 100 m
Electricos,Cable THHW-Ls #14 Verde Pza 100 m
Electricos,Cable THHW-Ls #14 Negro Pza 100 m
Electricos,Cable THHW-Ls #14 Negro Pza 100 m
Electricos,Cable THHW-Ls #14 Blanco Pza 100 m
Electricos,Cable THHW-Ls #14 Blanco Pza 100 m
Electricos,Cable THHW-Ls #14 Rojo Pza 100 m
Electricos,Cable THHW-Ls #14 Rojo Pza 100 m
Electricos,Cable Cal #8 Rojo 100 m - THW
Electricos,Cable Cal #8 Blanco 100 m - THW
Electricos,Cable Cal #10 Rojo 100 m - THW
Electricos,Cable Cal #10 Blanco 100 m - THW
Electricos,Cable Cal #12 Negro 100 m - THW
Electricos,Cable Cal #12 Rojo 100 m - THW
Electricos,Cable Cal #12 Blanco  100 m - THW
Electricos,Cable Cal #14 Negro 100 m - THW
Electricos,Cable RoHS 14 THW-LS / THHW-LS x 100m Blanco
Electricos,Cable RoHS 14 THW-LS / THHW-LS x 100m Blanco
Electricos,Cable RoHS 14 THW-LS / THHW-LS x 100m Verde
Electricos,Cable RoHS 12 THW-LS / THHW-LS x 100m Blanco
Electricos,Cable RoHS 12 THW-LS / THHW-LS x 100m Blanco
Electricos,Cable RoHS 12 THW-LS / THHW-LS x 100m Negro
Electricos,Cable RoHS 12 THW-LS / THHW-LS x 100m Negro
Electricos,Cable RoHS 12 THW-LS / THHW-LS x 100m Rojo
Electricos,Cable RoHS 12 THW-LS / THHW-LS x 100m Rojo
Electricos,Cable RoHS 12 THW-LS / THHW-LS x 100m Verde
Electricos,Cable RoHS 12 THW-LS / THHW-LS x 100m Verde
Electricos,Cable RoHS 10 THW-LS / THHW-LS x 100m Negro
Electricos,Cable RoHS 10 THW-LS / THHW-LS x 100m Negro
Electricos,Cable RoHS 10 THW-LS / THHW-LS x 100m Rojo
Electricos,Cable RoHS 10 THW-LS / THHW-LS x 100m Rojo
Electricos,Cable RoHS 10 THW-LS / THHW-LS x 100m Verde
Electricos,Cable RoHS 10 THW-LS / THHW-LS x 100m Verde
Electricos,Cable THHW-IS #14 Blanco pza 100m
Electricos,Cable THHW-IS #14 Blanco pza 100m
Electricos,Cable THHW-IS #14 Negro pza 100m
Electricos,Cable THHW-IS #14 Negro pza 100m
Electricos,Cable THHW-IS #14 Rojo pza 100m 
Electricos,Cable THHW-IS #14 Rojo pza 100m 
Electricos,"Cable THHW-IS #14 Verde pza 100m """""
Electricos,"Cable THHW-IS #14 Verde pza 100m """""
Electricos,Cable THHW-IS #12 Blanco pza 100m
Electricos,Cable THHW-IS #12 Blanco pza 100m
Electricos,Cable THHW-IS #12 Negro pza 100m
Electricos,Cable THHW-IS #12 Negro pza 100m
Electricos,Cable THHW-IS #12 Rojo pza 100m
Electricos,Cable THHW-IS #12 Rojo pza 100m
Electricos,Cable THHW-IS #12 Verde pza 100m
Electricos,Cable THHW-IS #12 Verde pza 100m
Electricos,Cable THHW-IS #10 Blanco pza 100m
Electricos,Cable THHW-IS #10 Negro pza 100m
Electricos,Cable THHW-IS #10 Negro pza 100m
Electricos,Cable THHW-IS #10 Rojo pza 100m
Electricos,Cable THHW-IS #10 Rojo pza 100m
Electricos,Cable THHW-IS #10 Verde pza 100m
Electricos,Cable THHW-IS #10 Verde pza 100m
Electricos,Cable duplex STP Cal. 14
Electricos,Cable duplex STP Cal. 16
Electricos,Cable duplex STP Cal. 16
Electricos,Cable Flexible Duplex - POT #12 Blanco 100m
Electricos,Cable Flexible Duplex - POT #12 Blanco 100m
Electricos,Cable Flexible Duplex - POT #14 Blanco 100m
Electricos,Cable Flexible Duplex - POT #16 Blanco 100m
Electricos,Cable Flexible Duplex - POT #16 Blanco 100m
Electricos,Cable Pot S.M #12 Cca Kebel 100 m
Electricos,Cable Pot S.M #12 Cca Kebel 100 m
Electricos,Cable Pot S.M #14 Cca Kebel 100 m
Electricos,Cable Pot S.M #16 Cca Kebel 100 m
Electricos,Cable Pot S.M #16 Cca Kebel 100 m
Electricos,Cordón dúplex flexible 2 x 14 SPT x 100 m
Electricos,Cable #10 Blanco Cca Kebel 100 m
Electricos,Cable #10 Blanco Cca Kebel 100 m
Electricos,Cable #10 Negro Cca Kebel 100 m
Electricos,Cable #10 Negro Cca Kebel 100 m
Electricos,Cable #10 Rojo Cca Kebel 100 m
Electricos,Cable #10 Rojo Cca Kebel 100 m
Electricos,Cable #10 Verde Cca Kebel 100 m
Electricos,Cable #10 Verde Cca Kebel 100 m
Electricos,Cable #12 Blanco Cca Kebel 100 m
Electricos,Cable #12 Blanco Cca Kebel 100 m
Electricos,Cable #12 Negro Cca Kebel 100 m
Electricos,Cable #12 Negro Cca Kebel 100 m
Electricos,Cable #12 Rojo Cca Kebel 100 m
Electricos,Cable #12 Rojo Cca Kebel 100 m
Electricos,Cable #12 Verde Cca Kebel 100 m
Electricos,Cable #12 Verde Cca Kebel 100 m
Electricos,Cable #14 Blanco Cca Kebel 100 m
Electricos,Cable #14 Blanco Cca Kebel 100 m
Electricos,Cable #14 Negro Cca Kebel 100 m
Electricos,Cable #14 Negro Cca Kebel 100 m
Electricos,Cable #14 Rojo Cca Kebel 100 m
Electricos,Cable #14 Rojo Cca Kebel 100 m
Electricos,Cable #14 Verde Cca Kebel 100 m
Electricos,Cable #14 Verde Cca Kebel 100 m
Electricos,Cable THHW-LS/THW-LS #8 Negro x 100 m
Electricos,Cable THHW-LS/THW-LS #14 Blanco x 100 m
Electricos,Cable THHW-LS/THW-LS #14 Blanco x 100 m
Electricos,Interruptor Sencillo Marisio - Blanco
Electricos,Apagador sencillo vis cud sobp
Electricos,Apagador 1 Modulo Blanco-Lugano
Electricos,Apagador de 1 Modulo Marfil-Lugano
Electricos,Apag Escalera 1 Mod con Piloto Blanco-Lugano
Electricos,Apagador de paso deslizable desuperficie clásico
Electricos,Apagador oval de superficie clásico granel
Electricos,Contacto sencillo vis ova sobp
Electricos,Interruptor 3 Vías Marisio - Blanco
Electricos,Timbre Inalámbrico B Azul Transmisor AA
Electricos,Timbre Inalámbrico C/Clavija 32 Melodías
Electricos,Timbre oval de superficie clásico granel
Electricos,Zumbador Blanco-Lugano
Electricos,Contacto doble aterrizado naranja soprte metal granel
Electricos,Contacto doble aterrizado sobreponer baquelita granel
Electricos,Contacto industrial aterrizado de plástico granel
Electricos,Contacto oval polarizado de hule granel
Electricos,Contacto Sencillo 1 Modulo Blanco-Lugano
Electricos,Contacto Sencillo 1 Modulo Marfil-Lugano
Electricos,Contacto Sencillo 1 Modulo Negro-Lugano
Electricos,Contacto 1.5 Módulo Blanco
Electricos,Contacto 1.5 Módulo Marfil
Electricos,Placa 1 Modulo Blanca + Toma Tel-Lugano
Electricos,Antena HDTV plana mini ultra delgada
Electricos,Clavija convertidora de hule
Electricos,Clavija sencilla de hule redonda
Electricos,Clavija Bindada Aterrizada Abrazadera
Electricos,Clavija Industrial Metal Aterrizada Granel
Electricos,Clavija Oval Polarizada De Hule Granel
Electricos,Clavija bindada aterrizada c/abrazadera bolsa
Electricos,Clavija polarizada 1pzplástico Bolsa
Electricos,Clavija redonda polarizadade plástico Bolsa
Electricos,Clavija redonda polarizadade plástico granel
Electricos,Clavija Redonda
Electricos,Clavija Tipo Plancha Marfil
Electricos,Placa Ciega Blanca-Lugano
Electricos,Placa 3 Mod + Apag 3 Blanco-Lugano
Electricos,Placa 3 Mod + 3 Apag 1 Mod Blanca-Lugano
Electricos,Placa 3 Mod + Apag y Cont 1.5 Blanca-Lugano
Electricos,Placa Roma Apagador Doble
Electricos,Placa Roma Apagador Sencillo
Electricos,Placa Roma Apagador Y Contacto
Electricos,Placa Roma Contacto Y Apagador Doble
Electricos,Placa Toscana Apagador Y Contacto Doble
Electricos,Placa Napoles contacto doble
Electricos,Placa p/contacto doble naranja granel
Electricos,Placa 1 Modulo Marisio - Blanco
Electricos,Placa 2 Modulos Marisio - Blanco
Electricos,Placa 3 Modulos Marisio - Blanco
Electricos,Portalamparas Redonda 120W - Blanco
Electricos,Portalamparas Cuadrada 120W - Blanco
Electricos,Portalámpara De Baquelita Sencillo Sin Rosca
Electricos,Portalámpara De Baquelita Sencillo Sin Rosca
Electricos,Portalámpara Baquelita Doble Contacto Pol
Electricos,Portalámpara Baquelita Cadena Doble Contacto
Electricos,Portalámpara Baquelita Cadena Doble Contacto
Electricos,Portalámpara De Porcelana Redondo 102 mm
Herramientas,Multimetro DT-830B
Herramientas,Probador De Corriente Bosillo Cable 14 cm
Herramientas,"Electrodo 6013 diametro 1/8"""""
Herramientas,"Electrodo 6013 diametro 5/32"""""
Herramientas,"Cartucho Gas Butano 1/4"""""
Herramientas,Cartucho Gas Butano Válvula Roscada
Electricos,"Foco filamento A19 4W, Azul"
Electricos,"Foco filamento A19 4W, Lila"
Electricos,"Foco LED 3PACK-A19 9W luz blanca, caja color"
Electricos,Foco A60 5W Luz Blanca
Electricos,Foco A60 15W Luz Blanca
Electricos,Foco Led De Emergencia A60 9W Luz Blanca
Electricos,Foco De Led 3 W 85 - 265 V 2700 K
Electricos,Foco Dicroico Luz Fría Mr 16
Electricos,Foco Incandescente E12 Tipo Vela Decorativo 40 W
Electricos,Foco Incandescente E27 Tipo Vela Decorativo 40 W
Electricos,Foco Incandescente Refrigerador Blanco 25 W
Electricos,Foco Incandescente Refrigerador Transparente 40 W
Electricos,Paquete de 10 Focos LED A19 12W Luz Blanca
Electricos,Paquete de 10 Focos LED A19 7W Luz Blanca
Electricos,Paquete de 10 Focos LED A19 5W Luz Blanca
Electricos,Paquete de 10 Focos LED A19 15W Luz Blanca
Electricos,Paquete de 10 Focos LED A19 12W Luz Cálida
Electricos,Lámparas de Led 12W 3K
Electricos,Lámpara de LED 16W
Electricos,Lámpara de LED 20W
Electricos,Lámpara Circular S/Poner 12 W Luz Fría
Electricos,Lámpara De Noche Gato Luz Incandescente 4 W
Electricos,Lámpara De Techo  32 W Slim
Electricos,Lámpara Led A19 9 W Luz Blanca
Electricos,Plafón Redondo 76 W Milán
Electricos,Portalámpara Baquelita Negra
Electricos,"Portalampara sencillo, baquelita"
Electricos,Ae- 145N P/Lamp.C/Recept.Baque.Embolsado
Electricos,Ae- 133-Al P/Lamp.Red 92.5Mm .Embolsa
Electricos,"Portalamp redon porce techo 3"""""
Electricos,Portalámpara tipo anuncio E-26
Electricos,Foco Led 3 W 85-265 V 6500 K
Electricos,Foco Led 6 W 100-240 6500 K
Electricos,Foco Led 9 W 100-240 6500 K
Electricos,Reflector 50 W Super Slim
Electricos,Reflector Para Empotrar 3 x 1 W (Ojo De Buey) 6500 K
Electricos,Reflector Para Empotrar 3 x 1 W (Ojo De Buey) 6500 K
Electricos,Multicontacto 6 Entradas Genérico
Electricos,Multicontacto Barra 6 Contactos Y 2 Entradas Usb 14 Awg
Electricos,Multicontacto Blanco 6 Entradas C/Luz Indicadora 14 Awg
Electricos,Multicontacto Inteligentecon Usb
Electricos,Multicontacto 3 Entradas Uso Rudo
Electricos,Multicontacto 3 Entradas Uso Rudo
Electricos,Multicontacto 3 Entrada Uso Rudo Tipo Triángulo
Electricos,Multicont ater 3 ent
Electricos,Multicont ater 6 ent
Electricos,Adaptador Naranja Convertidor A Tierra 1 Pz
Electricos,Adaptador bco granel polarizado convertidor a tierra
Electricos,Adaptador movible tipo bisagra3 contactos polarizado
Electricos,Adaptador naranja 1pz polarizconvertidor a tierra Bolsa / 1
Electricos,Extensión Doméstica 10 m  5 Amp
Electricos,Extensión Doméstica 2 m 5 Amp
Electricos,Extensión Doméstica 3 m 5 Amp
Electricos,Extensión Doméstica 4 m 5 Amp
Electricos,Extensión Doméstica 5 m 5 Amp
Electricos,Extensión Doméstica 5 m 5 Amp
Electricos,Extensión Doméstica 6 m 5 Amp
Electricos,Extensión Doméstica 8 m 5 Amp
Electricos,Extensión Blanca Dom 2 m C/Fajilla
Electricos,Extensión Blanca Dom 5 m C/Fajilla
Electricos,Extensión Blanca Dom 8 m C/Fajilla
Electricos,Extensión Blanca Dom 10 m C/Fajilla
Electricos,Extensión electrodoméstica SPT 5m
Electricos,Extensión electrodoméstica SPT 10m
Electricos,Extensión electrodoméstica SPT-2 16 AWG verde 3m
Electricos,Extensión electrodoméstica SPT-2 16 AWG verde 5m
Electricos,Energizer 2025 Boton Litio Blister 1 un
Electricos,Eveready CarbonoZinc 9V Blister 1 un
Electricos,Eveready CarbonoZinc C Blister 2 und
Electricos,Eveready CarbonoZinc D Blister 2 und
Electricos,Energizer Max AA Blister 4 und
Electricos,Energizer Max AA Blister 4 und
Electricos,Energizer Max AA Blister 4 und
Electricos,Energizer Max C Blister 2 und
Electricos,Energizer Max C Blister 2 und
Electricos,Energizer Max D Blister 2 und
Electricos,Energizer Max D Blister 2 und
Electricos,Energizer Max D Blister 2 und
Electricos,Energizer Max 9V Blister 1 un
Electricos,Eveready CarbonoZinc AAA Blister 4 und
Electricos,Eveready CarbonoZinc AA Blister 4 und
Electricos,Conector a tope aislado (PVC) Rojo 100 und
Electricos,Conector a tope aislado (PVC) Azul 100 und
Electricos,Capuchón Azul roscable (PVC) x 100 und
Electricos,Capuchón Anaranjado roscable (PVC) x 100 und
Electricos,Capuchón Amarillo roscable (PVC) x 100 und
Electricos,Capuchón Blanco ponchable calibre 14 x 100 und
Electricos,Capuchón Azul roscable con ceja x 100 und
Herramientas,"Caja de herramientas 16"""""
Herramientas,Pistola calafateadora lisa
Herramientas,Pistola calafateadora tipo esqueleto sencilla
Herramientas,Pistola Calafateadora Cremallera
Herramientas,"Pistola Eléctrica De Pegamento 12 W Barras De 5/16"""""
Herramientas,Flota 9 1/2 x 3/4 mango madera acabado aspero
Herramientas,Flota 9 1/2 x 3/4 mango plástico acabado aspero
Herramientas,Flota 9 1/2 x 4 mango plástico acabado liso
Herramientas,Juego pinzas elect dble plast3pz -Ref 142049.
Herramientas,Cuchara  para albañil 9 filadelfia
Herramientas,Cuchara para albañil 10 filadelfia
Herramientas,"Remachadora clásica 10"""" con 60remaches"
Herramientas,"Remachadora semi-profesional de 10"""" con remaches"
Herramientas,Cortador de tubo de cobre hasta 1 1/8  clásico
Herramientas,Cortador de vidrio de 1 cuchilla de 5.3 mm
Herramientas,Tijera para hojalatero 10''
Herramientas,"Cuchilla de Rep para Cortaperno AK de 24"""""""""
Herramientas,Cuchilla corta azulejos
Herramientas,Cortador de vidrio
Herramientas,Cortador de tubo Plastico
Herramientas,Corta azulejos de 40 cm
Herramientas,Segueta Bimetálica 12'' 18 DPP
Herramientas,Arco mini p/segueta 12'' aluminio
Herramientas,Arco p/segueta 12'' ajustablecacha abierta
Herramientas,Seguetas bimetálicas 12 juego2 pz 18 y 24 dpp
Herramientas,Seguetas caladora zanco Umad y plast 6 dpp jgo 5 pz
Herramientas,Seguetas caladora zanco Umad met y plast jgo 16 pz
Herramientas,"Segueta para caladora zanco ""T"" 6 dpp cortes curvos en madera 5pc/set, MOD T-244-D"
Herramientas,"Mini arco para segueta de 12"""""
Herramientas,Segueta bimetálica 24 dientes 30 cm
Herramientas,Serrote para madera 24 6 dpp
Herramientas,Serrucho para tablarroca
Herramientas,"Tijeras 17"""" Corte De Cetos Mango De Madera"
Herramientas,"Navaja retráctil de plástico 18mm largo 5 8/16"""" (140 mm)"
Herramientas,Navaja abat ac inox emerg
Herramientas,Navaja abat ac inox p/camp luz
Herramientas,Cutter De Plástico 6
Herramientas,Cutter de plástico 5 cuchilla SK5
Herramientas,Cortador De Azulejos
Herramientas,Marro 4 lb
Herramientas,Mango de madera 36 parazapapico con punta plastica
Herramientas,Marro doble cara 8lbs con mango 36
Herramientas,Martillo 16 Oz Uña Curva Mango Fibra De Vidrio
Herramientas,Martillo 16 oz uña recta mangode madera
Herramientas,Martillo De Uña Curva 220 Gr
Herramientas,Mazo de hule 16 oz
Herramientas,Mazo de hule 24 oz
Herramientas,Mazo de hule 8 oz
Herramientas,"Desarmador de golpe 2 pzs 1/4""""x 4"""""
Herramientas,Desarmador de joyero jgo 32 pzs c/30 puntas
Herramientas,Desarmador phillips 1/4 x 4mango bimaterial
Herramientas,Desarmador plano 1/4 x 4 mango transparente
Herramientas,Desarmador plano 1/4 x 6 mango transparente
Herramientas,Desarmadores 1/4 x4 mangoacetato jgo 2pz std y phillips
Herramientas,Desarmadores 3/16 x4 mangoacetato jgo 2pz std y phillip
Herramientas,Desarmadores de joyero económ.jgo c/6 pzs estándar y phi
Herramientas,Desarmadores de joyero jgo c/6pzs estándar y phillips
Herramientas,Desarmadores mango acetato tipo trompo juego de 2 Pzas 1/4
Herramientas,Desarmadores mango acetato transparente jgo 6 pz std y ph
Herramientas,"Desarmador plano punta cabinet 3/16"""" x 3"""""
Herramientas,Juego de 5 puntas largas (PH2) 50 mm
Herramientas,"Desarmador punta plana estandar 1/4"""" x 1 1/2"""""
Herramientas,Desarmador tipo matraca con puntas y dados
Herramientas,Juego desarmadores de precision 6 piezas eco
Herramientas,"Juego de 26 puntas para desarmador medidas 1"""" X 1/4"""""
Herramientas,"Puntas para desarmador 2""""juego de 9 pzas combinadas"
Herramientas,"Puntas para desarmador estándar 1/4 x 2"""" juego de 5 pzas"
Herramientas,"Puntas para desarmador phillips #1 de 2"""" juego de 5 pzas"
Herramientas,"Puntas para desarmador phillips #2 de 2"""" juego de 5 pzas"
Herramientas,"Puntas para desarmador phillips #2 de 1"""" juego de 5pzas"
Herramientas,"Puntas para desarmador torx de1"""" con seguro juego de 7 pzas"
Herramientas,Llave ajustable (perico) clásica 3/4 x 6 cromada granel
Herramientas,Llave para tanque de gas
Herramientas,"Perico pavonado 6"""""
Herramientas,Matraca cabeza redonda  1/2  (acero al carbono)
Herramientas,Kit 3 Adaptadores P/Dados
Herramientas,Llave combinada estándar 1/2
Herramientas,Llave combinada estándar 9/16
Herramientas,Llave combinada milimétrica 10mm
Herramientas,Llave combinada milimétrica 11mm
Herramientas,Llave combinada milimétrica 9mm
Herramientas,Llaves combinadas jgo de 10 pestándar y milimétricas
Herramientas,Llaves combinadas jgo de 5 pzsmilimétricas
Herramientas,"Llave Combinada 1/2"""" Pulido Espejo"
Herramientas,Llave Combinada 10 mm Pulido Espejo
Herramientas,Llave española estándar 5/8 x11/16
Herramientas,Llave española estándar 5/8 x3/4
Herramientas,Matraca 1/2 cabeza de pera
Herramientas,"Llave Hexagonal  """"L"""" 5/32"""""
Herramientas,Llaves allen cortas juego de10 pz estándar
Herramientas,Llaves allen extra largas juego de 10 pz estándar
Herramientas,Llaves allen pavonadas cortasjuego de 10 pz milimétricas
Herramientas,Llaves allen tipo llavero juego de 8 pz estándar
Herramientas,Llaves allen tipo llavero juego de 8 pz milimétricas
Herramientas,Juego 15 Llaves Combinadas  mm
Herramientas,Juego 22 Llaves Hex L Comb R
Herramientas,Llaves torx juego de 7 pzs
Herramientas,Llaves torx juego de 9 pzs
Herramientas,"Dado 1/2"""" 12 Puntas 1-1/16"""""
Herramientas,Lima plana bastarda 6
Herramientas,Lima escofina media caña 10bastarda
Herramientas,Lima escofina media caña 8bastarda
Herramientas,Lima media caña bastarda 6
Herramientas,Lima para motosierra 5/32
Herramientas,Lima para motosierra 7/32
Herramientas,Lima redonda bastarda 10
Herramientas,Lima redonda bastarda 12
Herramientas,Lima redonda bastarda 8
Herramientas,"2495Lima Chip Cut 9x1-3/8x1/2"""""
Herramientas,Lima triangulo doble 6
Herramientas,"Cincel corte frio 1"""" x 10"""""
Herramientas,"Prensa de hierro nodular 1"""""
Herramientas,Llana Canto Dentado Cuadrado
Herramientas,"Matraca rev 3/8"""" cab redond"
Herramientas,Jgo Extractor Cola Cochino (5 Pz)
Herramientas,"Matraca rev 1/2"""" rub grip QR"
Herramientas,"Conten plast pico d/pat 7x4"""""
Herramientas,"Caja Plástica Broch Metálico 21 x 11"""""
Herramientas,Engrapadora tipo pistola 19p/grapas de 1/4 y 5/16
Herramientas,"Mini pinza de punta redondalargo de 4"""" ( 102mm)"
Herramientas,Pinza clásica de corte diagonal 6  tarjeta
Herramientas,Pinza clásica pelacables 9blister
Herramientas,"Mini pinza de electricista 4"""""
Herramientas,"Mini pinza de punta y corte 4"""""
Herramientas,"Pinza de punta y corte 6"""""
Herramientas,"Pinza de corte diagonal 6"""""
Herramientas,"Pinza de presion uña recta 10"""" MX"
Herramientas,"Pinza de electricista 8"""""
Herramientas,Pinzas Profesionales Juego De 4 Pz
Herramientas,"Broca p/conc 1/4x12"""""
Herramientas,"Broca p/conc 1/4x4"""""
Herramientas,"Broca Cobalto 1/8"""""
Herramientas,"Broca Cobalto 9/64"""""
Herramientas,"Broca Negra Alta Velocidad 5/32"""""
Herramientas,Broca 1/4 x 4 HCS p/concreto
Herramientas,Broca 3/16 x 4 HCS p/concreto
Herramientas,Broca 3/8 x 6 HCS  p/concreto
Herramientas,Broca 5/16 x 4 HCS p/concreto
Herramientas,"Broca para Concreto 1/4"" x 4"", Blister"
Herramientas,"Broca para Concreto 1/4"" x 6"", Blister"
Herramientas,"Broca para Concreto 3/8"" x 6"", Blister"
Herramientas,"Broca P/Concreto 1/4 x 4"""""
Herramientas,"Broca P/Concreto 3/8 x 6"""""
Herramientas,"Broca Concreto Zanco Recto 1/2 x 6"""""
Herramientas,"Broca Concreto Zanco Recto 1/4 x 4"""""
Herramientas,"Broca Concreto Zanco Recto 1/4 x 6"""""
Herramientas,"Broca Concreto Zanco Recto 3/8 x 6"""""
Herramientas,Broca plana o de manita 7/16acero alto carbono
Herramientas,Broca 1/16 x 2 SAE M2  altavelocidad
Herramientas,Broca 1/2 x 12 acero aleadop/concreto
Herramientas,Broca 1/2 x 6 acero HSS altavelocidad
Herramientas,Broca 1/2 x 6 SAE M2 altavelocidad
Herramientas,Broca 1/4 x 12 acero aleadop/concreto
Herramientas,Broca 1/4 x 4 acero aleadop/concreto
Herramientas,Broca 1/4 x 4 acero HSS altavelocidad
Herramientas,Broca 1/4 x 6 acero aleadop/concreto
Herramientas,Broca 3/16 x 4acero HSS altavelocidad
Herramientas,Broca 3/32 x 2 SAE M2 altavelocidad
Herramientas,Broca 3/8 x 12 acero aleadop/concreto
Herramientas,Broca 3/8 x 5 acero aleadop/concreto
Herramientas,Broca 3/8 x 5 acero HSS altavelocidad
Herramientas,Broca 5/16 x 12 acero aleadop/concreto
Herramientas,Broca 5/16 x 5 acero HSS altavelocidad
Herramientas,Broca 5/16 x 6 acero aleadop/concreto
Herramientas,Broca 5/32 x 3 acero HSS altavelocidad
Herramientas,Broca 5/32 x 3 SAE M2 altavelocidad
Herramientas,Broca 5/64 x 2 SAE M2 altavelocidad
Herramientas,Broca 7/32 x 4 acero HSS altavelocidad
Herramientas,"Broca para Alta Velocidad 1/8"""" "
Herramientas,"Broca para Alta Velocidad 5/32"""" "
Herramientas,"Broca para Alta Velocidad 5/16"""" "
Herramientas,"Broca para Alta Velocidad 1/2"""" "
Herramientas,Broca para Concreto 5/16 x 6 
Herramientas,Broca para Concreto 3/8 x 6 
Herramientas,Sapo de PVC para WC c/ cadenaplastica y gancho metálico
Herramientas,Rotomartillo Inalambrico Profesional 20 V.
Herramientas,Carda circular 3 p/taladro zanco 1/4 alambre grueso acero la
Herramientas,"CARDA DE COPA 1 3/4"", ALAMBRE FINO, PARA TALADRO"
Herramientas,Disco abrasivo 4 1/2 corte extrafino de metal tipo 1 1.6mm
Herramientas,Disco abrasivo 7 corte de aluminio tipo 1 alto rendimiento
Herramientas,Disco abrasivo 9 corte de metal tipo 27 alto rendimiento
Herramientas,Disco abrasivo 9 corte de piedra tipo 27 alto rendimiento
Herramientas,"Disco corte de piedra 4 1/2"" x 3mm, TIPO 27 Maxtool"
Herramientas,"Disco t/27 met 4-1/2""""x3mm"
Herramientas,"733Disco Hum Rojo 14"""" Corte Metal"
Herramientas,"744Disco Hum de 14"""" Corte Metal"
Herramientas,"744Disco Hum de 14"""" Corte Metal"
Herramientas,"778Disco Hum 4-1/2""""x1 mm Corte Metal"
Herramientas,"778Disco Hum 4-1/2""""x1 mm Corte Metal"
Herramientas,"3501Disco 4-1/2""""x1 mm Corte Metal Inox"
Herramientas,"2008Disco Cazuela Easy Cut 7""""x 3.2 mm Corte"
Herramientas,"566Disco Cazuela Hum 4-1/2""""x 3.2 mm Corte"
Herramientas,"2014Disco Easy Cut 4-1/2""""x1mm Corte"
Herramientas,"781Disco Hum 4-1/2""""x1mm Corte"
Herramientas,"2015Disco Easy Cut 4-1/2""""x1mm Corte Inox"
Herramientas,"710 Disco Plano 4-1/2""""X1Mm Corte Metal"
Herramientas,"Disco corte y desbaste de metal de 7"" x 4mm, TIPO 27 Maxtool"
Herramientas,"560Disco Cazuela Hum 4-1/2""""x 6mm Desbaste"
Herramientas,"561Disco Cazuela Hum 7""""x 6mm Desbaste"
Herramientas,"1379Fibrodisco Easy Cut 4-1/2""""x7/8"""" G80"
Herramientas,"Disco T/1 Inoxidable 4-1/2"""" x 1.6 mm"
Herramientas,"Disco T/1 Inoxdable 4-1/2 x 1/16"""""
Herramientas,"Disco T/1 Inoxdable 4-1/2 x 3/64"""""
Herramientas,"162Sierra 4-1/2"""" Corte Madera c/Clavos"
Herramientas,Disco de diamante 4 rin continuo
Herramientas,Disco de diamante 7 rin continuo
Herramientas,"Disco laminado  de 4 1/2"""" tipo 29 grano 40"
Herramientas,"Disco laminado  de 4 1/2"""" tipo 29 grano 60"
Herramientas,"Disco laminado  de 4 1/2"""" tipo 29 grano 120"
Herramientas,"2555Disco Diamante Dentado Hum 4-1/2"""""
Herramientas,"2558Disco Diamante Dentado Hum 7"""""
Herramientas,"2553Disco Diamante Cont Hum 4"""""
Herramientas,"2556Disco Diamante Cont Hum 4-1/2"""""
Herramientas,"2559Disco Diamante Cont Hum 7"""""
Herramientas,"3252Disco Diamante Dentado Eco 4-1/2"""""
Herramientas,"3251Disco Diamante Cont Eco 4"""""
Herramientas,"3253Disco Diamante Cont Eco 4-1/2"""""
Herramientas,"1505Disco Diamante Dent Easy Cut 4-1/2"""""
Herramientas,"1507Disco Diamante Dent Easy Cut 7"""""
Herramientas,"1502Disco Diamante Cont Easy Cut 4-1/2"""""
Herramientas,Hidrolavadora De Alta Presion 1500 Psi /2Hp
Herramientas,"Borla de Lana de 5"""" Diámetro con Jareta"
Herramientas,Piedra para asentar 178 x 50 x25 mm
Herramientas,Piedra para guadaña 220 x 35 x16 mm
Herramientas,Piedras montadas juego de 5 pz grano 60 zanco 1/4
Herramientas,Equipo Para Pintar Portátil
Herramientas,Cautín tipo lapiz 30 W
Herramientas,Cautin tipo lapiz uso ligero de 30W con accesorios
Herramientas,Nivel profesional 18
Herramientas,"Nivel profesional magnetico 24"""""
Herramientas,"Nivel de aluminio 14"""""
Herramientas,"Nivel de aluminio 24"""""
Herramientas,Juego nivel torp y nivel hil 2pz -Ref 142600.
Herramientas,"Escuadra para carpintero de 10"""""
Herramientas,"Escuadra para carpintero de 12"""""
Herramientas,"Escuadra para carpintero de 6"""""
Herramientas,Flexómetro 3m x 16mm contraimpacto
Herramientas,Flexómetro 3m x 16mm displaycon 12 piezas sólido
Herramientas,Flexómetro 5mx 19mm displaycon 12 piezas sólido
Herramientas,Flexómetro 8mx25mm solido
Herramientas,Flexometro de 5 mts en blister
Herramientas,Flexometro de 5 mts anti impacto en blister
Herramientas,Flexómetro De 3 m Color Lila
Herramientas,Flexómetro De 3 m Color Rosa
Herramientas,"Flexometro 5 m x 3/4"""" Azul"
Herramientas,Flexometro Acero Inox 5 m x 30 mm
Herramientas,Flexometro Acero Inox 8 m x 30 mm
Herramientas,Tiralíneas Plástico 15 m Repuesto Y Nivel Juego 3 Pz
Herramientas,Llanta sola sin cámara 16x4 reforzada
Herramientas,Carre - Jgo de 2 baleros
Herramientas,Bomba 15'' manual p/inflarbase fija
Herramientas,"Bomba mini 11"""" manual p/inflar bicicletas"
Herramientas,Pistola Baja Presion Clasica Ed/Esp
Herramientas,Pistola de Gravedad Hibrida 1.3 mm
Herramientas,Juego de cople F y conectores de acero cromado 5 pzs
Herramientas,Conector rapido de acero cromado (HEMBRA)
Herramientas,Conector rapido de acero cromado (MACHO)
Herramientas,"Cople tipo """"FF"""" de acero cromado"
Herramientas,Compresor 12V 250PSI
Herramientas,Lija de agua grano 150 caja 25 pzs.
Herramientas,Lija de agua grano 220 caja 25 pzs.
Herramientas,Lija de agua grano 600 caja 25 pzs.
Herramientas,Lij  Mad papel cabinet grano 150 Cja 25 Pz
Herramientas,Lijde Esmer roja Resp  grano 80 Cja 25 Pz
Herramientas,Lija de Agua A-99 240 50 Pz
Herramientas,Lija de Agua A-99 600 50 Pz
Herramientas,Lija de Agua C-99 120 50 Pz
Herramientas,Lija Esmeril Oxido de Aluminio Roja X-86 040 25 Pz
Herramientas,Lija para Madera D-081 060 25 Pz
Herramientas,Lija para Madera D-081 036 25 Pz
Herramientas,"Lija para Plomero J86, G120, 38 mm x 45 m"
Herramientas,"Lija para Plomero J86, G120, 38 mm x 5 m"
Herramientas,"2740Lija Agua Easy Cut 9x11"""" Grano80"
Herramientas,"2741Lija Agua Easy Cut 9x11"""" Grano100"
Herramientas,"2742Lija Agua Easy Cut 9x11"""" Grano120"
Herramientas,"2743Lija Agua Easy Cut 9x11"""" Grano150"
Herramientas,"2744Lija Agua Easy Cut 9x11"""" Grano180"
Herramientas,"2745Lija Agua Easy Cut 9x11"""" Grano220"
Herramientas,"2746Lija Agua Easy Cut 9x11"""" Grano240"
Herramientas,"2748Lija Agua Easy Cut 9x11"""" Grano320"
Herramientas,"2750Lija Agua Easy Cut 9x11"""" Grano400"
Herramientas,"2752Lija Agua Easy Cut 9x11"""" Grano600"
Herramientas,Báscula Digital para Cocina
Herramientas,"Aspersor de plástico con estaca largo 11""""( 280mm)"
"Aseo, Baños y Cocinas","Manguera Poliacero 1/2"""" x 1/2"""" x 100 cm"
"Aseo, Baños y Cocinas","Manguera Poliacero 1/2"""" x 1/2"""" x 55 cm"
"Aseo, Baños y Cocinas","Manguera Inoxidable 1/2"""" x 1/2"""" x 40 cm"
"Aseo, Baños y Cocinas","Manguera Poliacero 1/2"""" x 1/2"""" x 40 cm"
"Aseo, Baños y Cocinas","Manguera Poliacero 1/2"""" x 7/8"""" x 35 cm"
Herramientas,"Conexion HEMBRA de laton de 1/2"""""
Herramientas,"Adaptador en """"Y"""" metalico"
Herramientas,"Adaptador  en """"Y"""" plastico"
Herramientas,"Conexion sencilla latón macho 1/2"""""
Herramientas,"Conexion sencilla latón hembra 5/8"""" bolsa 12"
Herramientas,"Conexion sencilla de latón macho de 5/8"""""
Herramientas,"Conexion sencilla latón macho 3/4"""" bolsa 12"
Herramientas,Adaptador En Y Plástico
Herramientas,Pistola plastica para riego5 funciones
Herramientas,"Chiflón de Plástico 4"""""
Herramientas,"Llave de Compuerta Soldable 3/4"""""
Herramientas,"Llave de Esfera de 1/2"""""
Herramientas,"Llave de Esfera Soldable 1/2"""""
Herramientas,"Llave De Nariz 1/2"""" Acabadol Granel"
Herramientas,Llave de nariz 1/2 acabadolatonado blister
Herramientas,Llave de nariz 1/2 p/jardíngranel
Herramientas,"Llave Fundida en Latón Cromada de 1/2"""""
Herramientas,"Llave Fundida en Latón de 3/4"""""
Herramientas,"Llave para Jardín 1/2"""""
Herramientas,"Llave de jardín 1/2"""""
Herramientas,Regadera Ahorradora De Agua 9 L 3 Funciones
Herramientas,Bomba periférica QB70 Hp 3/4
Herramientas,Bomba periférica QB80 Hp 1
Herramientas,Hilo redondo p/desbrozadora1.65 mm 15 m azul
Herramientas,Hilo redondo p/desbrozadora2.4 mm 12 m naranja
Herramientas,"Serrote 18"""" : triple filo"
Herramientas,"Serrote 20"""": triple filo"
Herramientas,"Serrote de costilla de 12"""""
Herramientas,Escoba de jardin plastica de 22 dientes solo cabeza
Herramientas,Zapapico cabeza 5lbs con mango
Herramientas,Talacho-hacha 5lbs con mango
Herramientas,Mango para azadón lane 48
Herramientas,Trampa adhesiva p/roed gde 2pz
Ferretería,Trampa Pegamento Ratón - Caja C/2 Charolas
Ferretería,Trampa Pegamento Rata - Caja C/2 Charolas
Ferretería,Trampa Pegamento Moscas C/4 Rollos
"Aseo, Baños y Cocinas",Manivela Metalica W.C 60-I
"Aseo, Baños y Cocinas",Sapito W.C 55-P
"Aseo, Baños y Cocinas",Sapito Con Cadena W.C 55-I
"Aseo, Baños y Cocinas",Llave mezcladora 4 p/lavabocuello corto manerales zamac
"Aseo, Baños y Cocinas",Llave mezcladora 8 p/fregadero manerales zamac
"Aseo, Baños y Cocinas",Juego de Manerales Grandes King
"Aseo, Baños y Cocinas",Jgo de Manerales Palanca C/Chapetón (2 Pzs)
"Aseo, Baños y Cocinas",Juego de Manerales Acrílico Grandes
"Aseo, Baños y Cocinas",Mezcladora Para Lavabo Tauro 16Q_x000D_
"Aseo, Baños y Cocinas",Mezcladora Para Lavabo Tipo Bar Tauro Acabado 24IB_x000D_
"Aseo, Baños y Cocinas",Mezcladora Para Lavabo Tipo Bar Pirulí 24IP_x000D_
"Aseo, Baños y Cocinas","Mezcladora Para Lavabo 4"""" Tauro 24CT_x000D_"
"Aseo, Baños y Cocinas","Mezcladora Para Lavabo 4"""" Tauro Acabado 24Q_x000D_"
"Aseo, Baños y Cocinas",Mezcladora Para Lavabo Acuario Acadado 24T_x000D_
"Aseo, Baños y Cocinas",Mezcladora Para Lavabo Palanca Acadado 24TP_x000D_
"Aseo, Baños y Cocinas",Cartucho Para Mezcladora RB-72E
"Aseo, Baños y Cocinas",Regadera con Brazo y Chapetón cuad 54.5 mm
"Aseo, Baños y Cocinas","Regaderas Amsterdam 6"""" 44AM_x000D_"
"Aseo, Baños y Cocinas",Regaderas Articulada 44AR_x000D_
"Aseo, Baños y Cocinas",Regaderas Carible Acabado Blanco 44CB_x000D_
"Aseo, Baños y Cocinas",Regadera Rugo Sistema Lim Sarro Caribecro
"Aseo, Baños y Cocinas",Regaderas Florencia Acabado Cromo 44F_x000D_
"Aseo, Baños y Cocinas",Regaderas Italia Acabado Cromo 44IB_x000D_
"Aseo, Baños y Cocinas",Regaderas Napoles 44N_x000D_
"Aseo, Baños y Cocinas",Regadera Electrica 3T Maxi Ducha Ultra
"Aseo, Baños y Cocinas",Regadera Electrica 4T Bella Ducha Blanca
"Aseo, Baños y Cocinas",Regadera Electrica 4T Bella Ducha Azul
"Aseo, Baños y Cocinas",Regadera Electrica 4T Bella Ducha Gris
"Aseo, Baños y Cocinas",Resistencia Regadera Electrica Lorenzetti
"Aseo, Baños y Cocinas",Monomando Regadera 34MQ_x000D_
"Aseo, Baños y Cocinas",Manerales Cruceta Acadada MCRE_x000D_
"Aseo, Baños y Cocinas",Manerales Acuario Con Chapetón CHME_x000D_
"Aseo, Baños y Cocinas",Chapetones Para Llave RE15_x000D_
"Aseo, Baños y Cocinas",Brazos Regaderas Con Chapeton Log 39 cm 45BF_x000D_
"Aseo, Baños y Cocinas",Brazos Regaderas Con Chapeton Log 15 cm 45B_x000D_
"Aseo, Baños y Cocinas",Fléxico para Boiler 13 x 19 x 80 cm
"Aseo, Baños y Cocinas",Fléxico para Boiler 19 x 19 x 60 cm
"Aseo, Baños y Cocinas",Fléxico para Boiler 19 x 19 x 80 cm
"Aseo, Baños y Cocinas",Fléxico para Boiler 13 x 13 x 60 cm
"Aseo, Baños y Cocinas",Fléxico para Boiler 13 x 13 x 80 cm
"Aseo, Baños y Cocinas",Fléxico Para Lavado 13 x 13 x 40 cm
"Aseo, Baños y Cocinas",Fléxico Para Lavado 13 x 13 x 55 cm
"Aseo, Baños y Cocinas",Fléxico Para W.C 13 x 22 x 35 cm
"Aseo, Baños y Cocinas","Fléxico Lavabo Aluminio 1/2"""" x 1/2"""" x 0.40m"
"Aseo, Baños y Cocinas","Fléxico fregadero alum 1/2"""" x 1/2"""" x 0.55m"
"Aseo, Baños y Cocinas","Fléxico Lavabo Aluminio 1/2"""" x 7/8"""" x 0.35m"
"Aseo, Baños y Cocinas",Mezcladora para Fregadero Cruceta Acabado 8CRF
"Aseo, Baños y Cocinas",Mezcladora para Fregadero Tauro Acabado 8IE
"Aseo, Baños y Cocinas",Mezcladora para Fregadero Piruli 8IP
"Aseo, Baños y Cocinas",Mezcladora para Fregadero Piruli Acabado 8P
"Aseo, Baños y Cocinas",Mezcladora para Fregadero Palanca 8R
"Aseo, Baños y Cocinas",Contra Canasta De Acero  Para Fregadero 13IL_x000D_
"Aseo, Baños y Cocinas",Trampas Para Lavado Sin Registro 29B_x000D_
"Aseo, Baños y Cocinas",Trampas Flexible Para Lavabo 28PTF_x000D_
"Aseo, Baños y Cocinas",Contra Para Lavabo Tuerca Metálica 30B_x000D_
"Aseo, Baños y Cocinas",Canasta Repuesto Lanzamatica
"Aseo, Baños y Cocinas",Canasta Repuesto M
"Aseo, Baños y Cocinas","Contra Hermética + Flexidesagüe 4"""""
"Aseo, Baños y Cocinas","Contracanasta M 4"""""
"Aseo, Baños y Cocinas","Contracanasta Hermética Bolsa 4"""""
"Aseo, Baños y Cocinas","Contracanasta Lanzamática 4"""""
"Aseo, Baños y Cocinas","Contracanasta Lanzamática Premium 4"""""
"Aseo, Baños y Cocinas","Contrarejilla Drenomática 2"""""
"Aseo, Baños y Cocinas",Tarja Inox Emp 100 x 50 x 15 Esc Derecho
"Aseo, Baños y Cocinas",Tarja Inox Emp 80 x 50 x 15 Esc Der Nacional
"Aseo, Baños y Cocinas",Tarja Inox Emp 80 x 50 x 15 Esc Izq Nacional
